website, major, course.0, course.1, course.2, course.3, course.4, course.5, course.6, course.7, course.8, course.9, course.10, course.11, course.12, course.13, course.14, course.15, course.16, course.17, course.18, course.19, course.20, course.21, course.22, course.23, course.24, course.25, course.26, course.27, course.28, course.29, course.30, course.31, course.32, course.33, course.34, course.35, course.36, course.37, course.38, course.39, course.40, course.41
"https://sydney.edu.au/courses/subject-areas/major/accounting0.html","Accounting","ACCT3600","ACCT1006","BUSS1030","ACCT3020","CLAW3201","ACCT3015","ACCT2011","ACCT3011","ACCT3013","ACCT3400","INFS3110","ACCT3031","ACCT2019","ACCT3016"
"https://sydney.edu.au/courses/subject-areas/major/american-studies0.html","American Studies","USSC1201","USSC3603","USSC3998","USSC3999","USSC3601","USSC1604","USSC2602","USSC1602","USSC3703","USSC2601","HSTY2656","HSTY2609","GOVT3672","ENGL2627","AMST3601","AMST2701","AMST2606","AMST1202","AMST1001"
"https://sydney.edu.au/courses/subject-areas/major/anatomy-and-histology-for-medical-science.html","Anatomy and Histology (for Medical Science)","ANAT3888","CHEM1111","CHEM1911","CHEM1991","ANAT2910","ANAT2010","ANAT3004","ANAT3904","ANAT3994","ANAT3009","ANAT3909","CHEM1011","MEDS2005","MEDS1001","MEDS1901","ANAT3008","ANAT3908","ANAT2008","SCPU3001","ANAT3007","ANAT3907"
"https://sydney.edu.au/courses/subject-areas/major/anatomy-and-histology.html","Anatomy and Histology","ANAT3888","ANAT3010","ANAT3554","ANAT3553","ANAT3552","ANAT3551","HSTO3004","HSTO3003","NEUR3903","NEUR3003","ANAT3004","ANAT3904","ANAT3994","EMHU3552","EMHU3551","ANAT3006","NEUR3005","NEUR3905","ANAT3009","ANAT3909","HSTO3552","HSTO3551","NEUR3004","NEUR3904","ANAT3008","ANAT3908","ANAT3007","ANAT3907"
"https://sydney.edu.au/courses/subject-areas/major/anatomy-and-histology0.html","Anatomy and Histology","ANAT3888","CHEM1111","CHEM1911","CHEM1991","ANAT2910","ANAT2010","ANAT3004","ANAT3904","ANAT3994","ANAT3009","ANAT3909","CHEM1011","BIOL1008","BIOL1908","BIOL1998","ANAT3008","ANAT3908","ANAT2008","SCPU3001","ANAT3007","ANAT3907"
"https://sydney.edu.au/courses/subject-areas/major/ancient-greek.html","Ancient Greek","GRKA3999","GRKA3998","GRKA3605","GRKA3603","GRKA3601","GRKA3007","GRKA2621","GRKA2620","GRKA2601","GRKA2600","GRKA1601","GRKA1600"
"https://sydney.edu.au/courses/subject-areas/major/ancient-history0.html","Ancient History","HSTY2677","HSTY2706","LATN2600","LATN2601","LATN1600","LATN1601","PHIL2613","HSTY2700","GRKA2601","GRKA2600","GRKA1601","GRKA1600","BBCL2609","ARCO2008","ARCO2007","ANHS3999","ANHS3998","ANHS3637","ANHS3636","ANHS3635","ANHS3603","ANHS2635","ANHS2616","ANHS2614","ANHS2610","ANHS2606","ANHS2603","ANHS1602","ANHS1601","ANHS1600"
"https://sydney.edu.au/courses/subject-areas/major/animal-and-veterinary-bioscience.html","Animal and Veterinary Bioscience","ANSC3106","ANSC3105","AVBS2004","ANSC3102","AVBS2007","BIOL2032","CHEM1111","CHEM1911","CHEM1991","BIOL1007","BIOL1907","BIOL1997","CHEM1011","GEGE2001","GEGE2901","AGRO4006"
"https://sydney.edu.au/courses/subject-areas/major/animal-health-disease-and-welfare-for-medical-science.html","Animal Health, Disease and Welfare (for Medical Science)","AVBS3001","ANSC3106","BIOL1007","BIOL1907","BIOL1997","IMMU2011","IMMU2911","AVBS2001","BIOL1006","BIOL1906","BIOL1996","MEDS2004","MICR2031","MICR2931","SCPU3001"
"https://sydney.edu.au/courses/subject-areas/major/animal-health-disease-and-welfare.html","Animal Health, Disease and Welfare","AVBS3001","ANSC3106","BIOL1007","BIOL1907","BIOL1997","IMMU2011","IMMU2911","AVBS2001","BIOL1006","BIOL1906","BIOL1996","MIMI2002","MIMI2902","MICR2031","MICR2931","SCPU3001"
"https://sydney.edu.au/courses/subject-areas/major/animal-production0.html","Animal Production","ANSC3106","AVBS2004","ANSC3102","AVBS3009","AVBS1002","BIOL1007","BIOL1907","BIOL1997","GEGE2001","GEGE2901","AVBS3008","BIOL1006","BIOL1906","BIOL1996","AGRO4006","ANSC3888","SCPU3001"
"https://sydney.edu.au/courses/subject-areas/major/anthropology0.html","Anthropology","ANTH2605","ANTH2631","ANTH1002","ANTH2623","ANTH2632","ANTH2620","ANTH2668","ANTH3601","ANTH2625","ANTH2606","ANTH2663","ANTH2653","ANTH3615","ANTH3625","ANTH2654","ANTH2666","ANTH3618","SPAN3615","ANTH3998","ANTH2621","ANTH3999","ANTH1001","ANTH2627","ANTH3603","ANTH2628","ANTH2629","ANTH3602","ANTH3620","ANTH2667","ANTH3632","ANTH3607","ANTH2626"
"https://sydney.edu.au/courses/subject-areas/major/asian-studies0.html","Asian Studies","KRNS3675","HSTY2640","GEOS3953","GEOS3053","CHNS3639","CHNS3633","CHNS3111","CHNS2614","CHNS2613","CHNS2011","CHNS2004","CHNS2003","CHNS1601","ASNS3999","ASNS3998","ASNS3690","ASNS3670","ASNS3111","ASNS3001","ASNS2669","ASNS2665","ASNS2661","ASNS2642","ASNS2634","ASNS2626","ASNS2625","ASNS2618","ASNS2613","ASNS2011","ASNS2002","ASNS1602","ASNS1601","ARHT3663","ARHT2645"
"https://sydney.edu.au/courses/subject-areas/major/applied-medical-science1.html","Applied Medical Science","BCMB2001","BCMB2901","AMED3001","AMED3901","CHEM1111","CHEM1911","CHEM1991","AMED3888","AMED3003","AMED3903","BIOL1007","BIOL1907","BIOL1997","CHEM1011","AMED3002","MIMI2002","MIMI2902","SCPU3001"
"https://sydney.edu.au/courses/subject-areas/major/applied-medical-science0.html","Applied Medical Science","AMED3001","AMED3901","AMED3888","AMED3003","AMED3903","AMED3002"
"https://sydney.edu.au/courses/subject-areas/major/arabic-language-and-cultures-intermediate.html","Arabic Language and Cultures (Intermediate)","ARBC3615","ARBC3616","ARBC3636","ARBC3998","ARBC3999","ARBC2613","ARBC2614","ARBC3691","ARBC2211","HSTY2607"
"https://sydney.edu.au/courses/subject-areas/major/arabic-language-and-cultures-advanced.html","Arabic Language and Cultures (Advanced)","ARBC3615","ARBC3616","ARBC3636","ARBC3998","ARBC3999","ARBC3691","ARBC2211","HSTY2607"
"https://sydney.edu.au/courses/subject-areas/major/applied-medical-science-for-medical-science0.html","Applied Medical Science (for Medical Science)","MEDS2003","AMED3001","AMED3901","CHEM1111","CHEM1911","CHEM1991","AMED3888","AMED3003","AMED3903","BIOL1007","BIOL1907","BIOL1997","CHEM1011","AMED3002","MEDS2004","SCPU3001"
"https://sydney.edu.au/courses/subject-areas/major/arabic-language-and-cultures-introductory.html","Arabic Language and Cultures (Introductory)","ARBC3615","ARBC3616","ARBC3636","ARBC3998","ARBC3999","ARBC2613","ARBC2614","ARBC1611","ARBC1612","ARBC2211","HSTY2607"
"https://sydney.edu.au/courses/subject-areas/major/art-history0.html","Art History","ARHT3678","FILM3000","ARIN3630","FILM2000","ARHT3998","ARHT3999","ARHT3675","ARHT3672","ARHT3663","ARHT3662","ARHT3636","ARHT3617","ARHT2678","ARHT2677","ARHT2676","ARHT2675","ARHT2645","ARHT2632","ARHT2618","ARHT2611","ARHT2602","ARHT1002","ARHT1001"
"https://sydney.edu.au/courses/subject-areas/major/banking-non-commerce.html","Banking (non Commerce)","MATH1591","MATH1592","MATH1011","BANK3011","BANK3012","CLAW3210","BANK2011","BANK3600","MATH1021","MATH1921","MATH1931","FINC2011","MATH1004","MATH1904","MATH1064","BUSS1040","DATA1001","BANK3400","BANK3013","MATH1115","MATH1111","ECMT1010","MATH1014","ENVX1002","ECON1002","ECON1001","MATH1902","MATH1013","MATH1553","MATH1552","MATH1551","ECOS2004","MATH1023","MATH1923","MATH1933","BANK3014","BUSS1020","MATH1005","MATH1905"
"https://sydney.edu.au/courses/subject-areas/major/behavioural-sciences.html","Behavioural Sciences","PSYC3018","PSYC3010","PSYC3020","PSYC3014","PSYC3914","PSYC2015","PSYC2915","PSYC3012","PSYC3016","PSYC3916","PSYC3011","PSYC3911","PSYC2016","PSYC3013","PSYC3913","PSYC3015","PSYC2017","PSYC1001","PSYC1002","PSYC3888","HPSC3023","SCPU3001","PSYC3017","PSYC2012"
"https://sydney.edu.au/courses/subject-areas/major/banking0.html","Banking","BANK3011","BANK3012","CLAW3210","BANK2011","BANK3600","FINC2011","BUSS1040","BANK3400","BANK3013","ECOS2004","BANK3014","BUSS1020"
"https://sydney.edu.au/courses/subject-areas/major/archaeology0.html","Archaeology","ARCO2105","ARCO3101","ARCO2103","ARCO3002","ARCO3005","ARCO2011","ARCO3403","ARCO3007","ARCO3012","ANHS2606","ARCO3402","ARCO3401","ARCO2008","ARCO1001","ARCO3998","ARCO2002","ARCO2001","ARCO3999","ARCO2007","ARCO2009","ARCO1000","ARCO3404"
"https://sydney.edu.au/courses/subject-areas/major/brass.html","Brass"
"https://sydney.edu.au/courses/subject-areas/major/biology.html","Biology","BIOL3046","BIOL3946","BIOL3045","BIOL3945","BIOL3020","BIOL3016","BIOL3916","BIOL3026","BIOL3926","BIOL3007","BIOL3907","BIOL3944","BIOL3018","BIOL3918","BIOL3013","BIOL3913","BIOL3008","BIOL3908","BIOL3009","BIOL3909","BIOL3010","BIOL3910"
"https://sydney.edu.au/courses/subject-areas/major/built-environment.html","Built Environment","BADP2002","BAEN1001","DESA3011","DAAE1001","PMGT3850","PMGT3851","BADP3002"
"https://sydney.edu.au/courses/subject-areas/major/bioinformatics.html","Bioinformatics","BCHM3592","STAT3022","STAT3922","STAT3914","BCMB3004","BCMB3904","BINF3101","BIOL3026","BIOL3926","BIOL3944","BIOL3018","BIOL3918","INFO3911","INFO3912","COMP3520","STAT3888"
"https://sydney.edu.au/courses/subject-areas/major/business-analytics-non-commerce.html","Business Analytics (non Commerce)","QBUS3830","QBUS3310","MATH1591","MATH1592","MATH1011","QBUS3600","MATH1021","MATH1921","MATH1931","MATH1004","MATH1904","MATH1064","QBUS1040","DATA1001","QBUS3400","MATH1115","MATH1111","ECMT1010","MATH1014","ENVX1002","MATH1902","QBUS3820","QBUS2310","MATH1013","MATH1553","MATH1552","MATH1551","QBUS3330","MATH1023","MATH1923","MATH1933","QBUS3340","QBUS2820","QBUS3350","BUSS1020","QBUS2810","MATH1005","MATH1905","QBUS3320","QBUS3850"
"https://sydney.edu.au/courses/subject-areas/major/biochemistry-and-molecular-biology.html","Biochemistry and Molecular Biology","BCMB3004","BCMB3904","BCMB2001","BCMB2901","BCMB3888","BCMB3003","BCMB3903","CHEM1111","CHEM1911","CHEM1991","PCOL3012","PCOL3912","BIOL1007","BIOL1907","BIOL1997","CHEM1011","BCMB3001","BCMB3901","BCMB3002","BCMB3902","BCMB2002","BCMB2902","SCPU3001"
"https://sydney.edu.au/courses/subject-areas/major/biochemistry.html","Biochemistry","BCHM3594","BCHM3593","BCHM3592","BCHM3591","BCMB3004","BCMB3904","BCHM3556","BCHM3555","BCHM3554","BCHM3553","BCHM3552","BCHM3551","BCMB3003","BCMB3903","BCMB3001","BCMB3901","NUTM3001","BCMB3002","BCMB3902"
"https://sydney.edu.au/courses/subject-areas/major/biochemistry-and-molecular-biology-for-medical-science.html","Biochemistry and Molecular Biology (for Medical Science)","BCMB3004","BCMB3904","MEDS2003","BCMB3888","BCMB3003","BCMB3903","CHEM1111","CHEM1911","CHEM1991","PCOL3012","PCOL3912","BIOL1007","BIOL1907","BIOL1997","CHEM1011","BCMB3001","BCMB3901","BCMB3002","BCMB3902","BCMB2002","BCMB2902","SCPU3001"
"https://sydney.edu.au/courses/subject-areas/major/business-analytics0.html","Business Analytics","QBUS3830","QBUS3310","QBUS3600","QBUS1040","QBUS3400","QBUS3820","QBUS2310","QBUS3330","QBUS3340","QBUS2820","QBUS3350","BUSS1020","QBUS2810","QBUS3320","QBUS3850"
"https://sydney.edu.au/courses/subject-areas/major/biology1.html","Biology","BIOL3046","BIOL3946","BIOL3045","BIOL3945","BIOL3033","BIOL3020","BIOL2032","BIOL2022","BIOL3888","BIOL2030","BIOL2930","BIOL2029","BIOL2929","ANAT2009","BIOL3016","BIOL3916","BIOL3026","BIOL3926","BIOL3007","BIOL3907","BIOL2024","BIOL2924","BIOL2033","BIOL3034","BIOL3005","BIOL1007","BIOL1907","BIOL1997","BIOL3018","BIOL3918","GEGE2001","GEGE2901","BIOL1008","BIOL1908","BIOL1998","IMMU2011","IMMU2911","BIOL1006","BIOL1906","BIOL1996","BIOL3013","BIOL3913","BIOL3008","BIOL3908","MICR2031","MICR2931","BIOL3029","BIOL2031","BIOL2931","SCPU3001","BIOL3009","BIOL3909","BIOL3004","BIOL3010","BIOL3910","BIOL2021","BIOL2921"
"https://sydney.edu.au/courses/subject-areas/major/biological-design.html","Biological Design","BIOL3046","BIOL3946","BDSN2001","BDSN3001","BMET3921","BMET1961","BMET4990","BIOL2030","BIOL2930","BIOL2029","BIOL2929","DECO2016","DESN3000","DECO2015","BDSN2002","DECO1014","BIOL2033","BIOL1007","BIOL1907","BIOL1997","ANAT2011","ENVI1003","DESN3001","BIOL1008","MEDS1001","BIOL1908","MEDS1901","BIOL1998","ARCH3108","PHSI2007","PHSI2907","BIOL1006","BIOL1906","BIOL1996","DESN1000","PHSI3010","PHSI3910","SCPU3001","BIOL3004","DECO2101","DECO2102","BIOL2021","BIOL2921"
"https://sydney.edu.au/courses/subject-areas/major/biblical-studies-and-classical-hebrew0.html","Biblical Studies and Classical Hebrew","RLST2624","LATN2621","LATN2620","JCTC2100","JCTC1004","JCTC1003","HBRW3654","HBRW3653","HBRW3613","HBRW3612","HBRW3611","HBRW3610","HBRW3602","HBRW2652","HBRW2651","HBRW2632","HBRW2631","HBRW2625","HBRW2604","HBRW2603","HBRW1112","HBRW1111","HBRW1102","HBRW1011","GRKA2621","GRKA2620","BBCL3999","BBCL3998","BBCL3601","BBCL2610","BBCL2609","BBCL2603","BBCL1002","BBCL1001"
"https://sydney.edu.au/courses/subject-areas/major/business-information-systems.html","Business Information Systems","INFS3080","INFS3600","INFS3050","INFS2020","INFS2050","INFS1000","INFS2030","INFS1020","INFS3040","INFS3400","INFS3110","INFS2010","INFS2040"
"https://sydney.edu.au/courses/subject-areas/major/chinese-studies-introductory.html","Chinese Studies (Introductory)","CHNS1101","CHNS2601","CHNS3605","CHNS2650","CHNS2651","CHNS2652","CHNS2653","CHNS3660","CHNS3661","CHNS3662","CHNS3663","CHNS3606","ASNS2613","CHNS3611","CHNS3612","ICLS2633","CHNS2611","CHNS2612","CHNS2613","CHNS2003","CHNS3998","CHNS3999","CHNS2004","CHNS2011","ASNS2618"
"https://sydney.edu.au/courses/subject-areas/major/business-law.html","Business Law","CLAW3201","CLAW3210","CLAW2202","CLAW3600","CLAW2208","CLAW2207","CLAW2211","CLAW1003","CLAW2205","CLAW1001","CLAW2212","CLAW3400","CLAW2209","CLAW3888","CLAW3207","CLAW2213","CLAW3206","CLAW3202","CLAW3209"
"https://sydney.edu.au/courses/subject-areas/major/chinese-studies-advanced.html","Chinese Studies (Advanced)","CHNS3605","CHNS3639","CHNS3660","CHNS3661","CHNS3662","CHNS3663","CHNS3606","ASNS2613","CHNS3650","CHNS3000","CHNS3001","CHNS3611","CHNS3612","ICLS2633","CHNS3646","CHNS3647","CHNS2613","CHNS2003","CHNS3111","CHNS3998","CHNS3999","CHNS2004","CHNS3680","CHNS2011","ASNS2618"
"https://sydney.edu.au/courses/subject-areas/major/composition.html","Composition"
"https://sydney.edu.au/courses/subject-areas/major/cell-and-developmental-biology0.html","Cell and Developmental Biology","BCMB3004","BCMB3904","BIOL3888","BIOL2029","BIOL2929","HSTO3004","HSTO3003","CHEM1111","CHEM1911","CHEM1991","BIOL3026","BIOL3926","BIOL1007","BIOL1907","BIOL1997","CHEM1011","GEGE2001","GEGE2901","BIOL1006","BIOL1906","BIOL1996","BIOL3029","BCMB2002","BCMB2902","PHSI3010","PHSI3910","SCPU3001"
"https://sydney.edu.au/courses/subject-areas/major/business-information-systems0.html","Business Information Systems","INFS3080","INFS3600","INFS3050","INFS2020","INFS2050","INFS1000","INFS2030","INFS1020","INFS3040","INFS3400","INFS3110","INFS2010","INFS2040"
"https://sydney.edu.au/courses/subject-areas/major/chemical-engineering0.html","Chemical Engineering"
"https://sydney.edu.au/courses/subject-areas/major/chemistry.html","Chemistry","CHEM3110","CHEM3910","CHEM3913","CHEM3113","CHEM3112","CHEM3912","CHEM3116","CHEM3916","CHEM3914","CHEM3114","CHEM3917","CHEM3117","CHEM3111","CHEM3911","CHEM3115","CHEM3915"
"https://sydney.edu.au/courses/subject-areas/major/chemistry1.html","Chemistry","CHEM3110","CHEM3910","CHEM3913","CHEM3113","CHEM2524","CHEM2924","CHEM1111","CHEM1911","CHEM1991","CHEM1112","CHEM1912","CHEM1992","CHEM3888","CHEM2523","CHEM2923","CHEM1011","CHEM1012","CHEM3112","CHEM3912","CHEM3116","CHEM3916","CHEM3914","CHEM3114","CHEM3917","CHEM3117","CHEM2521","CHEM2921","CHEM2991","CHEM3111","CHEM3911","SCPU3001","CHEM2522","CHEM2922","CHEM3115","CHEM3915"
"https://sydney.edu.au/courses/subject-areas/major/cell-pathology.html","Cell Pathology","ANAT3010","BCMB3003","BCMB3903","AMED3001","AMED3901","HSTO3004","HSTO3003","MICR3032","MICR3932","AMED3888","AMED3003","AMED3903","PHSI3009","PHSI3909","BCMB3001","BCMB3901","AMED3002","MICR3011","MICR3911","MICR3042","MICR3942","CPAT3201","CPAT3901","CPAT3202","CPAT3902","BCMB3002","BCMB3902","PHSI3010","PHSI3910"
"https://sydney.edu.au/courses/subject-areas/major/chinese-studies-intermediate.html","Chinese Studies (Intermediate)","CHNS2601","CHNS2001","CHNS2002","CHNS3605","CHNS3639","CHNS2650","CHNS2651","CHNS2652","CHNS2653","CHNS3660","CHNS3661","CHNS3662","CHNS3663","CHNS3606","ASNS2613","CHNS3650","CHNS3611","CHNS3612","ICLS2633","CHNS2611","CHNS2612","CHNS3646","CHNS3647","CHNS2613","CHNS2003","CHNS3111","CHNS3998","CHNS3999","CHNS2004","CHNS3680","CHNS2011","ASNS2618"
"https://sydney.edu.au/courses/subject-areas/major/computer-science2.html","Computer Science","COMP3027","COMP3927","COMP3888","INFO3333","ELEC3506","DATA3404","COMP3530","COMP3221","ELEC3610","COMP3419","INFO3315","INFO3911","INFO3912","ELEC3609","COMP3308","COMP3608","INFO3600","COMP3520","INFO3616","COMP3109","SOFT3888"
"https://sydney.edu.au/courses/subject-areas/major/cultural-studies0.html","Cultural Studies","GCST2630","GCST3637","GCST3631","GCST3998","GCST3999","GCST2605","GCST3636","GCST3604","GCST2612","GCST1604","GCST1603","GCST1602","GCST1601"
"https://sydney.edu.au/courses/subject-areas/major/computer-engineering0.html","Computer Engineering"
"https://sydney.edu.au/courses/subject-areas/major/criminology.html","Criminology","CRIM3603","CRIM3602","CRIM2602","CRIM2603","CRIM1002","SLSS3602","CRIM3998","CRIM3999","CRIM1001","CRIM3601","SCLG3608","SCLG2623","CRIM2601"
"https://sydney.edu.au/courses/subject-areas/major/construction-management0.html","Construction Management"
"https://sydney.edu.au/courses/subject-areas/major/computational-data-science.html","Computational Data Science","DATA2901","DATA2002","DATA2902","DATA3888","DATA2001","COMP2123","COMP2823","DATA1001","DATA1901","ECMT1010","INFO1110","INFO1910","ENVX1002","BUSS1020","COMP3027","COMP3927","DATA3404","DATA3406","COMP3308","COMP3608"
"https://sydney.edu.au/courses/subject-areas/major/computer-science1.html","Computer Science","COMP3027","COMP3927","COMP3888","COMP3988","COMP2123","COMP2823","COMP3221","COMP3419","COMP3308","COMP3608","INFO1110","INFO1910","COMP2022","COMP2922","INFO1113","COMP3520","COMP2017"
"https://sydney.edu.au/courses/subject-areas/major/construction.html","Construction","CIVL1810","CIVL3811","CIVL1900","CIVL2812","PMGT3850","PMGT3851","PMGT3857","ENGG2850","PMGT3856"
"https://sydney.edu.au/courses/subject-areas/major/contemporary-music-practice.html","Contemporary Music Practice"
"https://sydney.edu.au/courses/subject-areas/major/data-science.html","Data Science","GEGE3004","STAT3022","STAT3922","BCMB3004","BCMB3904","DATA2901","MATH1021","MATH1921","MATH1931","COSC2002","COSC2902","DATA2002","DATA3888","DATA3404","DATA2001","COMP2123","COMP2823","ENVX3001","DATA1001","DATA1901","GEGE2001","GEGE2901","DATA3406","DATA1002","DATA1902","AMED3002","MATH1115","MATH1902","QBIO2001","MATH1023","MATH1923","MATH1933","STAT2011","STAT2911","SCPU3001","STAT4026","STAT3023","STAT3923","STAT3888","MATH1005","MATH1905","ENVX3002","STAT3021","STAT4025"
"https://sydney.edu.au/courses/subject-areas/major/computational-engineering.html","Computational Engineering"
"https://sydney.edu.au/courses/subject-areas/major/computer-science3.html","Computer Science","COMP3027","COMP3927","COMP3888","COMP3988","COMP2123","COMP2823","COMP3221","COMP3419","COMP3308","COMP3608","INFO1110","INFO1910","COMP2022","COMP2922","INFO1113","COMP3520","SCPU3001","COMP2017"
"https://sydney.edu.au/courses/subject-areas/major/economics0.html","Economics","ECOS3902","ECOS3901","ECOS3904","ECOS3903","ECOS3021","ECOS3002","ECOS2025","ECOS3024","ECOS2201","ECOS3018","ECOS3027","ECOS3013","ECOS3016","ECOS3017","ECOS3003","ECOS3004","ECOS3005","ECON3998","ECOS3997","ECMT2150","ECOS2002","ECOS2902","ECOS2001","ECOS2901","ECOS3007","ECOS3006","ECON1002","ECON1001","ECOS3008","ECOS3015","ECOS3028","ECOS2903","ECOS3010","ECOS2004","ECOS3023","ECOS3011","ECOS3020","ECOS3012","ECOS3022","ECOS3025","ECOS2307"
"https://sydney.edu.au/courses/subject-areas/major/economic-policy0.html","Economic Policy"
"https://sydney.edu.au/courses/subject-areas/major/energy-and-the-environment.html","Energy and the Environment"
"https://sydney.edu.au/courses/subject-areas/major/disability-and-participation.html","Disability and Participation","OCCP1101","OCCP1102"
"https://sydney.edu.au/courses/subject-areas/major/digital-cultures0.html","Digital Cultures","FILM3000","ARIN3630","MECO1002","ARIN2620","ARIN3640","ARIN3998","ARIN3999","ARIN2610","MECO1001","ARIN3620","ARIN3610"
"https://sydney.edu.au/courses/subject-areas/major/ecology-and-evolutionary-biology.html","Ecology and Evolutionary Biology","BIOL3046","BIOL3946","BIOL3045","BIOL2022","BIOL3007","BIOL3907","BIOL2024","BIOL2924","BIOL3034","BIOL3005","BIOL1007","BIOL1907","BIOL1997","BIOL1006","BIOL1906","BIOL1996","BIOL3008","BIOL3908","SCPU3001","BIOL3009","BIOL3909"
"https://sydney.edu.au/courses/subject-areas/major/econometrics0.html","Econometrics","ECMT3120","ECOS3904","ECOS3903","ECMT3170","ECMT2160","ECMT3110","ECMT3130","ECON3998","ECOS3997","ECMT2150","ECMT2950","ECMT1020","ECMT1010","ECMT3160","ECMT3150"
"https://sydney.edu.au/courses/subject-areas/major/economic-policy.html","Economic Policy"
"https://sydney.edu.au/courses/subject-areas/major/design.html","Design","DESN1001","DECO2016","DESN3000","DECO2015","DESN3003","DESN3002","DESN3001","ARCH3108","DECO3101","DESN1000","DESN2000","DECO2101","DECO2102"
"https://sydney.edu.au/courses/subject-areas/major/education0.html","Education","EDUF3135","EDUF3030","EDUF3037","EDUF3032","EDUF3557","EDUF3554","EDUF3553","EDUF1018","EDUF2006","EDUF3026","EDUF1019","EDUF3998","EDUF3999","EDUF3027","EDUF3028","EDUF3136","EDUF2007","EDUF3023"
"https://sydney.edu.au/courses/subject-areas/major/economics.html","Economics","ECOS3902","ECOS3901","ECOS3904","ECOS3903","ECOS3021","ECOS3002","ECOS2025","ECOS3024","ECOS2201","ECOS3018","ECOS3027","ECOS3013","ECOS3016","ECOS3017","ECOS3003","ECOS3004","ECOS3005","ECON3998","ECOS3997","ECMT2150","ECOS2002","ECOS2902","ECOS2001","ECOS2901","ECOS3007","ECOS3006","ECON1002","ECON1001","ECOS3008","ECOS3015","ECOS3028","ECOS2903","ECOS3010","ECOS2004","ECOS3023","ECOS3011","ECOS3020","ECOS3012","ECOS3022","ECOS3025","ECOS2307"
"https://sydney.edu.au/courses/subject-areas/major/electrical-engineering0.html","Electrical Engineering"
"https://sydney.edu.au/courses/subject-areas/major/finance0.html","Finance","FINC3301","FINC3302","BANK3011","FINC3023","FINC2011","FINC2012","FINC3012","BUSS1040","FINC3600","FINC3020","FINC3015","FINC3019","FINC3400","FINC3011","FINC3017","FINC3013","BUSS1020","FINC3014"
"https://sydney.edu.au/courses/subject-areas/major/environmental-studies.html","Environmental Studies","ENVI3591","ENVI3592","BIOL3007","BIOL3907","ENVI3114","ECOS3013","ENVI3111","ENVI3911","ENVI3552","ENVI3551","ENVI3888","GEOS3014","GEOS3914","GEOS3520","GEOS3920"
"https://sydney.edu.au/courses/subject-areas/major/english0.html","English","ENGL3999","ENGL3998","ENGL3711","ENGL3707","ENGL3706","ENGL3703","ENGL3697","ENGL3696","ENGL3695","ENGL3657","ENGL3655","ENGL3633","ENGL3607","ENGL2672","ENGL2669","ENGL2666","ENGL2661","ENGL2654","ENGL2627","ENGL2605","ENGL1019","ENGL1018","ENGL1017","ENGL1016","ENGL1014","ENGL1013","ENGL1007"
"https://sydney.edu.au/courses/subject-areas/major/exercise-science.html","Exercise Science","EXSS1037","EXSS1038"
"https://sydney.edu.au/courses/subject-areas/major/film-studies0.html","Film Studies","SPAN2641","MUSC2664","MUSC2663","FILM3999","FILM3998","FILM3004","FILM3003","FILM3000","FILM2000","FILM1001","FILM1000","ENGL2669","ENGL2627","CAEL2039","ARIN3630","ARHT3662"
"https://sydney.edu.au/courses/subject-areas/major/finance-non-commerce.html","Finance (non Commerce)","MATH1591","MATH1592","MATH1011","FINC3301","FINC3302","BANK3011","FINC3023","MATH1021","MATH1921","MATH1931","FINC2011","FINC2012","FINC3012","MATH1004","MATH1904","MATH1064","BUSS1040","FINC3600","FINC3020","FINC3015","FINC3019","DATA1001","FINC3400","FINC3011","MATH1115","MATH1111","ECMT1010","MATH1014","ENVX1002","ECON1002","ECON1001","FINC3017","MATH1902","MATH1013","MATH1553","MATH1552","MATH1551","FINC3013","MATH1023","MATH1923","MATH1933","BUSS1020","MATH1005","MATH1905","FINC3014"
"https://sydney.edu.au/courses/subject-areas/major/environmental-studies1.html","Environmental Studies","GEOS3053","GEOS3953","CHEM1111","CHEM1911","CHEM1991","AREC2005","GEOS1001","GEOS1901","ENVI3114","ECOS3013","ENVI3111","ENVI3911","GOVT2228","ENVI3888","GEOS2121","GEOS2921","BIOL1007","BIOL1907","BIOL1997","CHEM1011","GEOS3014","GEOS3914","ENVI1003","GEOS1002","GEOS1902","BIOL1006","BIOL1906","BIOL1996","GEOS2911","GEOS2111","ECON1040","SCPU3001","GEOS3520","GEOS3920"
"https://sydney.edu.au/courses/subject-areas/major/european-studies0.html","European Studies","EUST3007","EUST2113","EUST3111","RLST2624","EUST2601","GRMN2633","JCTC2100","EUST2610","MGRK3605","JCTC3003","JCTC3002","ITLN3662","EUST1002","EUST3999","EUST3998","EUST1001","SPAN2631","ITLN2001","EUST2005","SPAN3624"
"https://sydney.edu.au/courses/subject-areas/major/environmental-science.html","Environmental Science","ENVX2001","BIOL2032","BIOL2022","CHEM1111","CHEM1911","CHEM1991","SOIL3009","GEOS1001","GEOS1901","ENVX3001","ENSC2001","CHEM1011","ENVI1003","ENVX3003","BIOL2031","BIOL2931","SOIL3888","SCPU3001","BIOL3004","AVBS3004","AVBS3003"
"https://sydney.edu.au/courses/subject-areas/major/environmental-agricultural-and-resource-economics.html","Environmental, Agricultural and Resource Economics","AREC3005","AREC3002","AREC3006","AREC3007","AREC2005","ECOS3002","ECOS2025","AREC3003","ECOS2201","ECOS3013","ECOS3005","ECON3998","ECOS3997","ECOS2001","ECOS2901","ECOS3006","ECON1002","ECON1001","ECOS2903","ECOS2004","ECOS3020","ECOS2307"
"https://sydney.edu.au/courses/subject-areas/major/environmental-engineering0.html","Environmental Engineering"
"https://sydney.edu.au/courses/subject-areas/major/engineering-design.html","Engineering Design"
"https://sydney.edu.au/courses/subject-areas/major/food-science-for-medical-science.html","Food Science (for Medical Science)","MEDS2003","CHEM1111","CHEM1911","CHEM1991","FOOD3002","FOOD3001","FOOD3888","FOOD3000","BIOL1007","BIOL1907","BIOL1997","CHEM1011","FOOD2000","SCPU3001"
"https://sydney.edu.au/courses/subject-areas/major/gender-studies0.html","Gender Studies","GCST3635","GCST2607","GCST2631","GCST3631","GCST3998","GCST3999","GCST2610","GCST1601","GCST1604","GCST1602","GCST2605","GCST1603","GCST3636","GCST3604","GCST2612"
"https://sydney.edu.au/courses/subject-areas/major/financial-mathematics-and-statistics.html","Financial Mathematics and Statistics","STAT3022","STAT3922","STAT3914","MATH3971","DATA3404","MATH3075","MATH3975","MATH3974","MATH3076","MATH3976","MATH3969","MATH3078","MATH3978","FMAT3888","STAT3023","STAT3923","STAT3888","STAT3021","STAT3921","STAT3911"
"https://sydney.edu.au/courses/subject-areas/major/french-and-francophone-studies-introductory.html","French and Francophone Studies (Introductory)","FRNC3998","FRNC3999","FRNC1601","FRNC1602","FRNC2603","FRNC3605","FRNC3606"
"https://sydney.edu.au/courses/subject-areas/major/food-and-bioprocessing0.html","Food and Bioprocessing"
"https://sydney.edu.au/courses/subject-areas/major/food-science.html","Food Science","BCMB2001","BCMB2901","CHEM1111","CHEM1911","CHEM1991","FOOD3002","FOOD3001","FOOD3888","FOOD3000","BIOL1007","BIOL1907","BIOL1997","CHEM1011","FOOD2000","SCPU3001"
"https://sydney.edu.au/courses/subject-areas/major/financial-economics0.html","Financial Economics","ECOS3021","ECOS2025","ECMT2160","ECOS2201","ECMT2130","ECMT3130","ECON3998","ECOS3997","ECMT2150","ECOS2040","ECOS2001","ECOS2901","ECOS3007","ECMT1010","ECON1001","ECOS3010","ECOS2004","ECMT3150","ECOS3022","ECOS3025"
"https://sydney.edu.au/courses/subject-areas/major/french-and-francophone-studies-advanced.html","French and Francophone Studies (Advanced)","FRNC3001","FRNC3002","FRNC3633","FRNC3634","FRNC3690","FRNC2680","FRNC3653","FRNC3998","FRNC3999","FRNC2693"
"https://sydney.edu.au/courses/subject-areas/major/financial-economics.html","Financial Economics"
"https://sydney.edu.au/courses/subject-areas/major/french-and-francophone-studies-intermediate.html","French and Francophone Studies (Intermediate)","FRNC3633","FRNC3634","FRNC3998","FRNC3999","FRNC2603","FRNC3605","FRNC3606"
"https://sydney.edu.au/courses/subject-areas/major/financial-mathematics-and-statistics2.html","Financial Mathematics and Statistics","MATH1021","MATH1921","MATH1931","DATA2002","DATA2902","MATH3075","MATH3975","DATA1001","DATA1901","MATH1002","MATH1902","MATH1023","MATH1923","MATH1933","MATH2070","MATH2970","STAT2011","STAT2911","FMAT3888","SCPU3001","MATH1005","MATH1905","STAT3021","STAT3921"
"https://sydney.edu.au/courses/subject-areas/major/fluids-engineering.html","Fluids Engineering"
"https://sydney.edu.au/courses/subject-areas/major/genetics-and-genomics-for-animal-and-veterinary-bioscience1.html","Genetics and Genomics (for Animal and Veterinary Bioscience)","ANSC3105","AVBS2005","GEGE3004","BCMB3004","BCMB3904","CHEM1111","CHEM1911","CHEM1991","BIOL3005","BIOL1007","BIOL1907","BIOL1997","CHEM1011","BIOL3018","BIOL3918","GEGE2001","GEGE2901","GEGE3888","BIOL1008","BIOL1908","BIOL1998","BIOL1006","BIOL1906","BIOL1996","SCPU3001"
"https://sydney.edu.au/courses/subject-areas/major/global-studies.html","Global Studies","INGS3603","INGS2603","INGS3998","INGS3999","INGS1003","INGS3602","INGS2602","INGS1004","INGS2601"
"https://sydney.edu.au/courses/subject-areas/major/genetics-and-genomics-for-medical-science1.html","Genetics and Genomics (for Medical Science)","ANSC3105","GEGE3004","BCMB3004","BCMB3904","MEDS2003","CHEM1111","CHEM1911","CHEM1991","BIOL3005","BIOL1007","BIOL1907","BIOL1997","CHEM1011","BIOL3018","BIOL3918","GEGE2001","GEGE2901","GEGE3888","MEDS1001","MEDS1901","BIOL1006","BIOL1906","BIOL1996","SCPU3001"
"https://sydney.edu.au/courses/subject-areas/major/genetics-and-genomics1.html","Genetics and Genomics","ANSC3105","GEGE3004","BCMB3004","BCMB3904","BCMB2001","BCMB2901","CHEM1111","CHEM1911","CHEM1991","BIOL3005","BIOL1007","BIOL1907","BIOL1997","CHEM1011","BIOL3018","BIOL3918","GEGE2001","GEGE2901","GEGE3888","BIOL1008","BIOL1908","BIOL1998","BIOL1006","BIOL1906","BIOL1996","SCPU3001"
"https://sydney.edu.au/courses/subject-areas/major/geotechnical-engineering0.html","Geotechnical Engineering"
"https://sydney.edu.au/courses/subject-areas/major/geography2.html","Geography","GEOS3053","GEOS3953","GEOS3009","GEOS3909","GEOS2116","GEOS2916","GEOS1001","GEOS1901","GEOS2121","GEOS2921","GEOS3103","GEOS3803","GEOS3014","GEOS3914","GEOS3524","GEOS3924","GEOG3888","GEOS1002","GEOS1902","GEOS2911","GEOS2111","GEOS2115","GEOS2915","SCPU3001","GEOS2123","GEOS2923","GEOS3520","GEOS3920"
"https://sydney.edu.au/courses/subject-areas/major/germanic-studies-introductory.html","Germanic Studies (Introductory)","GRMN1001","GRMN1002","GRMN2003","GRMN2004","GRMN3005","GRMN3006","GRMN3007","GRMN3008","GRMN3998","GRMN3999","GRMN2633","GRMN2632"
"https://sydney.edu.au/courses/subject-areas/major/germanic-studies-intermediate.html","Germanic Studies (Intermediate)","GRMN2003","GRMN2004","GRMN3005","GRMN3006","GRMN3007","GRMN3008","GRMN3009","GRMN3998","GRMN3999","GRMN2633","GRMN3010","GRMN2632"
"https://sydney.edu.au/courses/subject-areas/major/geography1.html","Geography","GEOS3053","GEOS3953","GEOS3009","GEOS3909","GEOS3103","GEOS3803","GEOS3014","GEOS3914","GEOS3933","GEOS3333","GEOS3524","GEOS3924","GEOG3888","GEOS3520","GEOS3920"
"https://sydney.edu.au/courses/subject-areas/major/germanic-studies-advanced.html","Germanic Studies (Advanced)","GRMN3015","GRMN3007","GRMN3008","GRMN3009","GRMN3998","GRMN3999","GRMN3613","GRMN2633","GRMN3010","GRMN2632"
"https://sydney.edu.au/courses/subject-areas/major/geology-and-geophysics.html","Geology and Geophysics","GEOS3101","GEOS3801","GEOL3888","GEOS3103","GEOS3803","GEOS3008","GEOS3908","GEOS3104","GEOS3804"
"https://sydney.edu.au/courses/subject-areas/major/geology-and-geophysics0.html","Geology and Geophysics","GEOS3101","GEOS3801","GEOS1001","GEOS1901","GEOL3888","GEOS3103","GEOS3803","GEOS3008","GEOS3908","GEOS2124","GEOS2924","GEOS3104","GEOS3804","GEOS1003","GEOS1903","SCPU3001","GEOS2114","GEOS2914"
"https://sydney.edu.au/courses/subject-areas/major/human-movement0.html","Human Movement","BIOS3065","EXSS3063","BIOS2170","EXSS3061","BIOS1168","BIOS1169","BIOS2171","HSBH3026","EXSS3062","EXSS2030"
"https://sydney.edu.au/courses/subject-areas/major/history-and-philosophy-of-science0.html","History and Philosophy of Science","HPSC1000","HPSC1900","HPSC3888","HPSC3002","HPSC3108","HPSC3023","SCPU3001","HPSC2011","HPSC2100","HPSC2900","HPSC3016","HPSC1001","HPSC1901"
"https://sydney.edu.au/courses/subject-areas/major/historical-performance.html","Historical Performance"
"https://sydney.edu.au/courses/subject-areas/major/health-sciences.html","Health Sciences"
"https://sydney.edu.au/courses/subject-areas/major/history0.html","History","HSTY3712","HSTY3713","USSC3603","HSTY3714","HSTY3715","HSTY3902","HSTY3711","HSTY3903","HSTY3901","HSTY3998","HSTY3999","ITLN3662","HSTY3716","JCTC3002","JCTC3003","HSTY3709","HSTY3708","HSTY3707","HSTY3706","HSTY3701","HSTY3700","HSTY2717","HSTY2712","HSTY2711","HSTY2709","HSTY2706","HSTY2705","HSTY2704","HSTY2700","HSTY2696","HSTY2681","HSTY2677","HSTY2672","HSTY2666","HSTY2659","HSTY2656","HSTY2652","HSTY2642","HSTY2640","HSTY2631","HSTY2628","HSTY2626","HSTY2618","HSTY2616","HSTY2611","HSTY2609","HSTY2608","HSTY2607","HSTY1089","HSTY1007","HSTY1006","HSTY1005","HSTY1004","HSTY1003","HSTY1002","HSTY1001","ASNS2661","ASNS2642","ASNS2634","ASNS2618","ANHS3635","ANHS2635","ANHS2614","ANHS2610","ANHS2606","ANHS2603"
"https://sydney.edu.au/courses/subject-areas/major/hebrew-modern-advanced.html","Hebrew (Modern) (Advanced)","HBRW2625","HBRW3602","HBRW3998","HBRW3999","JCTC3001","HBRW3613","HBRW3611","HBRW2604","HBRW3610","HBRW2631","HBRW2632","HBRW3612","JCTC3003","HBRW2603"
"https://sydney.edu.au/courses/subject-areas/major/humanitarian-engineering0.html","Humanitarian Engineering"
"https://sydney.edu.au/courses/subject-areas/major/health.html","Health","HSBH3005","HSBH3012","HSBH3013","HSBH3022","HSBH3003","HSBH3001","HSBH3004","HSBH3016","HSBH3026","HSBH2009","HSBH3009","HSBH1012","HSBH3015","HSBH3019","HSBH3018","HSBH2007","HSBH3011","SCPU3001","HSBH1013"
"https://sydney.edu.au/courses/subject-areas/major/hearing-and-speech0.html","Hearing and Speech","CSCD2071","CSCD3094","CSCD2070","CSCD1034","BIOS2166","BIOS3166","BIOS1163","CSCD3093"
"https://sydney.edu.au/courses/subject-areas/major/hebrew-modern-intermediate.html","Hebrew (Modern) (Intermediate)","HBRW2625","HBRW3602","HBRW3998","HBRW3999","JCTC3001","HBRW3613","HBRW3611","HBRW2604","HBRW3610","HBRW2631","HBRW2632","HBRW3612","JCTC3003","HBRW2603"
"https://sydney.edu.au/courses/subject-areas/major/history-and-philosophy-of-science.html","History and Philosophy of Science","HPSC3888","HPSC3002","HPSC3108","HPSC3023","HPSC3107","HPSC3016"
"https://sydney.edu.au/courses/subject-areas/major/hebrew-modern-introductory.html","Hebrew (Modern) (Introductory)","HBRW2625","HBRW3602","HBRW3998","HBRW3999","JCTC3001","HBRW3613","HBRW3611","HBRW2604","HBRW3610","HBRW2631","HBRW2632","HBRW3612","JCTC3003","HBRW2603"
"https://sydney.edu.au/courses/subject-areas/major/industrial-relations-and-human-resource-management0.html","Industrial Relations and Human Resource Management","INFS3050","IBUS3104","WORK1004","WORK1003","WORK3208","WORK2205","WORK2203","WORK3600","WORK3400","WORK3201","WORK3203","WORK3206"
"https://sydney.edu.au/courses/subject-areas/major/infectious-diseases.html","Infectious Diseases","BCMB2001","BCMB2901","CHEM1111","CHEM1911","CHEM1991","BIOL1007","BIOL1907","BIOL1997","CHEM1011","BIOL1008","BIOL1908","BIOL1998","IMMU2011","IMMU2911","INFD3012","INFD3888","VIRO3002","VIRO3902","MICR3011","MICR3911","MIMI2002","MIMI2902","MICR2031","MICR2931","SCPU3001","VIRO3001","VIRO3901"
"https://sydney.edu.au/courses/subject-areas/major/indigenous-studies0.html","Indigenous Studies","INDG3006","INDG2001","INDG2004","INDG3998","INDG3999","INDG1001","INDG1002","INDG2005","INDG3003","INDG3005","HSTY2696","GOVT3998","ARHT3636","ANTH2605","AGEN3008"
"https://sydney.edu.au/courses/subject-areas/major/indonesian-studies-intermediate.html","Indonesian Studies (Intermediate)","ASNS2661","INMS3608","INMS3607","INMS2601","INMS2602","INMS3601","INMS3602","INMS3753","INMS3752","INMS3751","INMS3750","INMS2653","INMS2652","INMS2651","INMS2650","INMS3998","INMS3999","ASNS3001"
"https://sydney.edu.au/courses/subject-areas/major/immunobiology.html","Immunobiology","BCMB3003","BCMB3903","AMED3001","AMED3901","AMED3888","BIOL3026","BIOL3926","AMED3003","AMED3903","PHSI3009","PHSI3909","BIOL3018","BIOL3918","BCMB3001","BCMB3901","IMMU3202","IMMU3903","AMED3002","VIRO3002","VIRO3902","MICR3011","MICR3911","IMMU3102","IMMU3902","CPAT3201","CPAT3901","CPAT3202","CPAT3902","BCMB3002","BCMB3902","PHSI3010","PHSI3910","VIRO3001","VIRO3901"
"https://sydney.edu.au/courses/subject-areas/major/information-systems1.html","Information Systems","INFO3333","DATA3404","ISYS3402","ELEC3610","INFO3315","INFO3911","INFO3912","ISYS3888","ISYS3401","INFO3600","INFO3616"
"https://sydney.edu.au/courses/subject-areas/major/immunology-and-pathology-for-medical-science.html","Immunology and Pathology (for Medical Science)","MEDS2003","CHEM1111","CHEM1911","CHEM1991","BIOL1007","BIOL1907","BIOL1997","CHEM1011","MEDS1001","MEDS1901","IMMU2011","IMMU2911","IMMU3202","IMMU3903","IMPA3888","MEDS2004","IMMU3102","IMMU3902","CPAT3201","CPAT3901","CPAT3202","CPAT3902","SCPU3001"
"https://sydney.edu.au/courses/subject-areas/major/immunology-and-pathology.html","Immunology and Pathology","BCMB2001","BCMB2901","CHEM1111","CHEM1911","CHEM1991","BIOL1007","BIOL1907","BIOL1997","CHEM1011","BIOL1008","BIOL1908","BIOL1998","IMMU2011","IMMU2911","IMMU3202","IMMU3903","IMPA3888","MIMI2002","MIMI2902","IMMU3102","IMMU3902","CPAT3201","CPAT3901","CPAT3202","CPAT3902","SCPU3001"
"https://sydney.edu.au/courses/subject-areas/major/infectious-diseases-for-medical-science.html","Infectious Diseases (for Medical Science)","MEDS2003","CHEM1111","CHEM1911","CHEM1991","BIOL1007","BIOL1907","BIOL1997","CHEM1011","MEDS1001","MEDS1901","IMMU2011","IMMU2911","INFD3012","INFD3888","VIRO3002","VIRO3902","MICR3011","MICR3911","MEDS2004","MICR2031","MICR2931","SCPU3001","VIRO3001","VIRO3901"
"https://sydney.edu.au/courses/subject-areas/major/industrial-pharmacy.html","Industrial Pharmacy"
"https://sydney.edu.au/courses/subject-areas/major/indonesian-studies-introductory.html","Indonesian Studies (Introductory)","ASNS2661","INMS3608","INMS3607","INMS1101","INMS1102","INMS2601","INMS2602","INMS3601","INMS3602","INMS3753","INMS3752","INMS3751","INMS3750","INMS2653","INMS2652","INMS2651","INMS2650","INMS1551","INMS1550","INMS3998","INMS3999","ASNS3001"
"https://sydney.edu.au/courses/subject-areas/major/indonesian-studies-advanced.html","Indonesian Studies (Advanced)","ASNS2661","INMS3608","INMS3607","INMS3601","INMS3602","INMS3753","INMS3752","INMS3751","INMS3750","INMS2653","INMS2652","INMS2651","INMS2650","INMS3998","INMS3999","ASNS3001"
"https://sydney.edu.au/courses/subject-areas/major/information-technology-engineering0.html","Information Technology (Engineering)"
"https://sydney.edu.au/courses/subject-areas/major/italian-studies-intermediate0.html","Italian Studies (Intermediate)","ITLN3688","ITLN3998","ITLN3999","ITLN2001","ITLN2612","ITLN3611","ITLN3612","ITLN3685","ITLN3662","ITLN2002"
"https://sydney.edu.au/courses/subject-areas/major/information-systems2.html","Information Systems","ISYS2110","ISYS2120","ISYS3402","ISYS3888","ISYS2160","ISYS3401","INFO1110","INFO1910","INFO1113"
"https://sydney.edu.au/courses/subject-areas/major/intelligent-information-engineering0.html","Intelligent Information Engineering"
"https://sydney.edu.au/courses/subject-areas/major/international-relations1.html","International Relations","GOVT3672","GOVT3671","GOVT3665","GOVT3980","GOVT3901","GOVT3989","GOVT3986","GOVT3625","GOVT3988","GOVT3641","GOVT3898","GOVT3900","GOVT2921","GOVT2226","GOVT2225","GOVT1621","GOVT2617","GOVT1641","GOVT3990","GOVT3664","GOVT2603","GOVT3623","GOVT2552","GOVT2991","GOVT1661","GOVT3622","GOVT3631","GOVT3661","GOVT3993","GOVT3996","GOVT2119","GOVT3999"
"https://sydney.edu.au/courses/subject-areas/major/information-systems3.html","Information Systems","ISYS2110","ISYS2120","ISYS3402","ISYS3888","ISYS2160","ISYS3401","INFO1110","INFO1910","INFO1113","SCPU3001"
"https://sydney.edu.au/courses/subject-areas/major/international-relations.html","International Relations","GOVT3672","GOVT3671","GOVT3665","GOVT3980","GOVT3901","GOVT3989","GOVT3986","GOVT3625","GOVT3988","GOVT3898","GOVT3900","GOVT2921","GOVT2226","GOVT2225","GOVT1621","GOVT2617","GOVT1641","GOVT3990","GOVT3664","GOVT2603","GOVT3623","GOVT2552","GOVT2991","GOVT1661","GOVT3622","GOVT3631","GOVT3661","GOVT3993","GOVT3996","GOVT2119","GOVT3999"
"https://sydney.edu.au/courses/subject-areas/major/internet-of-things0.html","Internet of Things"
"https://sydney.edu.au/courses/subject-areas/major/international-business0.html","International Business","IBUS3107","IBUS2020","CLAW2211","IBUS1102","IBUS2104","IBUS3104","IBUS1101","IBUS3400","CLAW2209","IBUS3101","IBUS3106","IBUS2101","IBUS3600","WORK3201","IBUS2103","IBUS3110","IBUS3108","IBUS3109"
"https://sydney.edu.au/courses/subject-areas/major/international-pharmacy.html","International Pharmacy"
"https://sydney.edu.au/courses/subject-areas/major/international-and-comparative-literary-studies0.html","International and Comparative Literary Studies","ICLS3631","ITLN2002","ICLS2621","ICLS2633","ICLS1001","ICLS3000","ICLS3998","CHNS2004","CHNS3651","CHNS3633","ICLS1002","CHNS3111","ICLS3999"
"https://sydney.edu.au/courses/subject-areas/major/italian-studies-advanced0.html","Italian Studies (Advanced)","ITLN3688","ITLN3998","ITLN3999","ITLN2001","ITLN2631","ITLN2632","ITLN3631","ITLN3685","ITLN3662","ITLN2002"
"https://sydney.edu.au/courses/subject-areas/major/japanese-studies-advanced.html","Japanese Studies (Advanced)","JPNS3998","JPNS3999","JPNS3611","JPNS3612","JPNS3621","JPNS3673","JPNS3633"
"https://sydney.edu.au/courses/subject-areas/major/japanese-studies0.html","Japanese Studies","JPNS3999","JPNS3998","JPNS3673","JPNS3650","JPNS3633","JPNS3632","JPNS3631","JPNS3622","JPNS3621","JPNS3002","JPNS2672","JPNS2612","JPNS2611","JPNS1612","JPNS1611","ICLS2111"
"https://sydney.edu.au/courses/subject-areas/major/jewish-civilisation-thought-and-culture0.html","Jewish Civilisation, Thought and Culture","RLST2624","HBRW2625","HSTY2607","JCTC2100","HBRW3611","HBRW2632","JCTC3003","JCTC3002","BBCL3601","BBCL2603","JCTC3001","HSTY2626","HBRW3602","HBRW3610","JCTC1003","BBCL2610","GOVT2112","HSTY2608","HSTY2652","JCTC1004","HBRW3613","HBRW2604","HBRW3612","HBRW2631","HBRW1011","HBRW1102","JCTC3998","BBCL2609","JCTC3999","HBRW2603"
"https://sydney.edu.au/courses/subject-areas/major/korean-studies-intermediate.html","Korean Studies (Intermediate)","KRNS3675","KRNS3998","KRNS3999","KRNS2672","KRNS2621","KRNS2622","KRNS2673","ASNS3670","ASNS2642"
"https://sydney.edu.au/courses/subject-areas/major/japanese-studies-introductory.html","Japanese Studies (Introductory)","JPNS3998","JPNS3999","JPNS1611","JPNS1612","JPNS3611","JPNS3612"
"https://sydney.edu.au/courses/subject-areas/major/korean-studies-advanced.html","Korean Studies (Advanced)","KRNS3675","KRNS3998","KRNS3999","KRNS2672","KRNS2673","ASNS3670","ASNS2642"
"https://sydney.edu.au/courses/subject-areas/major/japanese-studies-junior-intermediate.html","Japanese Studies (Junior Intermediate)","JPNS3998","JPNS3999","JPNS3611","JPNS3612","JPNS3621","JPNS3673","JPNS3633"
"https://sydney.edu.au/courses/subject-areas/major/korean-studies-heritage-speaker.html","Korean Studies (Heritage Speaker)","KRNS3675","KRNS3998","KRNS3999","KRNS2672","KRNS2673","ASNS3670","ASNS2642"
"https://sydney.edu.au/courses/subject-areas/major/italian-studies-introductory0.html","Italian Studies (Introductory)","ITLN3688","ITLN3998","ITLN3999","ITLN2001","ITLN1612","ITLN2612","ITLN3611","ITLN3612","ITLN2002"
"https://sydney.edu.au/courses/subject-areas/major/italian-studies0.html","Italian Studies","ITLN3999","ITLN3998","ITLN3688","ITLN3685","ITLN3667","ITLN3662","ITLN3631","ITLN3612","ITLN3611","ITLN2632","ITLN2631","ITLN2612","ITLN2611","ITLN2003","ITLN2002","ITLN2001","ITLN1612","ITLN1611"
"https://sydney.edu.au/courses/subject-areas/major/jazz-performance.html","Jazz Performance"
"https://sydney.edu.au/courses/subject-areas/major/japanese-studies-senior-intermediate.html","Japanese Studies (Senior Intermediate)","JPNS3998","JPNS3999","JPNS3611","JPNS3612","JPNS3621","JPNS3673","JPNS3633"
"https://sydney.edu.au/courses/subject-areas/major/korean-studies0.html","Korean Studies","KRNS3675","KRNS3998","KRNS3999","KRNS2672","KRNS1621","KRNS1622","KRNS2621","KRNS2622","KRNS3621","KRNS3622","KRNS2673","ASNS3670","ASNS2642"
"https://sydney.edu.au/courses/subject-areas/major/latin0.html","Latin","LATN3998","LATN3999","LATN3606","LATN3611","LATN3604","LATN3601","LATN2621","LATN2620","LATN2601","LATN2600","LATN1601","LATN1600"
"https://sydney.edu.au/courses/subject-areas/major/korean-studies-introductory.html","Korean Studies (Introductory)","KRNS3998","KRNS3999","KRNS2672","KRNS1621","KRNS2621","KRNS2622","KRNS2673","ASNS2642"
"https://sydney.edu.au/courses/subject-areas/major/mathematics.html","Mathematics","MATH3066","MATH3979","MATH3968","MATH3061","MATH3977","MATH3961","MATH3078","MATH3978","MATH3888","MATH3963","MATH3962","MATH3971","MATH3076","MATH3063","MATH3976","MATH3974","MATH3975","MATH3969","MATH3075"
"https://sydney.edu.au/courses/subject-areas/major/mechanical-engineering0.html","Mechanical Engineering"
"https://sydney.edu.au/courses/subject-areas/major/management0.html","Management","WORK1004","WORK1003","WORK3401","WORK3202","WORK3601","WORK2218","WORK3204","WORK3205","QBUS3350","WORK2210","QBUS3320"
"https://sydney.edu.au/courses/subject-areas/major/materials-science-and-engineering.html","Materials Science and Engineering"
"https://sydney.edu.au/courses/subject-areas/major/marine-science0.html","Marine Science","AVBS3009","BIOL2022","GEOS3009","GEOS3909","BIOL3016","BIOL3916","GEOS1001","GEOS1901","BIOL1007","BIOL1907","BIOL1997","GEOS3014","GEOS3914","GEOS1003","GEOS1903","BIOL1006","BIOL1906","BIOL1996","BIOL3013","BIOL3913","BIOL3008","BIOL3908","MARS3888","GEOS2115","GEOS2915","SCPU3001"
"https://sydney.edu.au/courses/subject-areas/major/mathematics0.html","Mathematics","MATH1021","MATH1921","MATH1931","MATH1004","MATH1904","MATH1902","MATH2022","MATH2922","MATH1023","MATH1923","MATH1933","MATH3888","SCPU3001","MATH1005","MATH1905","MATH2921","MATH2021","MATH3066","MATH2023","MATH2923","MATH4079","MATH4076","MATH4068","MATH4063","MATH4074","MATH3061","MATH4077","MATH3076","MATH4069","MATH4061","MATH3063","MATH2088","MATH2988","MATH4078","MATH3078","MATH4062"
"https://sydney.edu.au/courses/subject-areas/major/linguistics0.html","Linguistics","LNGS3612","LNGS3701","LNGS3998","LNGS3999","LNGS3700","ITLN3685","LNGS3696","LNGS3702","LNGS3609","LNGS3605","LNGS2624","LNGS2601","LNGS1002","LNGS1001"
"https://sydney.edu.au/courses/subject-areas/major/marketing0.html","Marketing","MKTG3121","MKTG3120","MKTG2112","MKTG3110","MKTG3400","MKTG3116","MKTG3112","MKTG2113","MKTG1001","MKTG1002","MKTG3118","MKTG3600","MKTG3114","MKTG3123"
"https://sydney.edu.au/courses/subject-areas/major/marine-science.html","Marine Science","BIOL3046","BIOL3946","BIOL3045","BIOL3945","GEOS3009","GEOS3909","BIOL3016","BIOL3916","BIOL3007","BIOL3907","GEOS3103","GEOS3803","GEOS3014","GEOS3914","GEOS3104","GEOS3804","BIOL3013","BIOL3913","BIOL3008","BIOL3908"
"https://sydney.edu.au/courses/subject-areas/major/media-studies.html","Media Studies","MECO1002","ARIN2620","MECO3998","MECO3999","ARIN2610","MECO1001","MECO3605","MECO3606","MECO2601","MECO2602","MECO3603"
"https://sydney.edu.au/courses/subject-areas/major/medicinal-chemistry0.html","Medicinal Chemistry","CHEM3110","CHEM3910","CHEM1111","CHEM1911","CHEM1991","CHEM1112","CHEM1912","CHEM1992","PCOL3012","PCOL3912","MCHM3001","MCHM3901","CHEM1011","CHEM1012","PCOL2021","MCHM3888","CHEM2521","CHEM2921","CHEM2991","SCPU3001","CHEM3115","CHEM3915"
"https://sydney.edu.au/courses/subject-areas/major/modern-greek-studies-intermediate.html","Modern Greek Studies (Intermediate)","MGRK3693","MGRK3605","MGRK3998","MGRK3999","MGRK2601","MGRK2602","MGRK3841","MGRK3002"
"https://sydney.edu.au/courses/subject-areas/major/microbiology-for-medical-science.html","Microbiology (for Medical Science)","MICR3032","MICR3932","CHEM1111","CHEM1911","CHEM1991","BIOL1007","BIOL1907","BIOL1997","CHEM1011","BIOL1006","BIOL1906","BIOL1996","MICR3011","MICR3911","MEDS2004","MICR2031","MICR2931","MICR3888","MICR3042","MICR3942","SCPU3001","VIRO3001","VIRO3901"
"https://sydney.edu.au/courses/subject-areas/major/microbiology0.html","Microbiology","MICR3032","MICR3932","CHEM1111","CHEM1911","CHEM1991","BIOL1007","BIOL1907","BIOL1997","CHEM1011","BIOL1006","BIOL1906","BIOL1996","MICR3011","MICR3911","MIMI2002","MIMI2902","MICR2031","MICR2931","MICR3888","MICR3042","MICR3942","SCPU3001","VIRO3001","VIRO3901"
"https://sydney.edu.au/courses/subject-areas/major/mechatronic-engineering0.html","Mechatronic Engineering"
"https://sydney.edu.au/courses/subject-areas/major/microbiology.html","Microbiology","MICR3032","MICR3932","VIRO3002","VIRO3902","MICR3011","MICR3911","MICR3042","MICR3942","VIRO3001","VIRO3901"
"https://sydney.edu.au/courses/subject-areas/major/medicinal-chemistry-for-medical-science.html","Medicinal Chemistry (for Medical Science)","CHEM3110","CHEM3910","CHEM1111","CHEM1911","CHEM1991","CHEM1112","CHEM1912","CHEM1992","PCOL3012","PCOL3912","MCHM3001","MCHM3901","CHEM1011","CHEM1012","MEDS2002","MCHM3888","CHEM2521","CHEM2921","CHEM2991","SCPU3001","CHEM3115","CHEM3915"
"https://sydney.edu.au/courses/subject-areas/major/medical-science.html","Medical Science","BCMB3004","BCMB3904","BCMB3003","BCMB3903","AMED3001","AMED3901","HSTO3004","HSTO3003","NEUR3903","NEUR3003","ANAT3004","ANAT3904","ANAT3994","AMED3003","AMED3903","PCOL3012","PCOL3912","BIOL1007","BIOL1907","BIOL1997","PHSI3009","PHSI3909","NEUR3005","NEUR3905","ANAT3009","ANAT3909","BCMB3001","BCMB3901","MEDS2005","MEDS1001","MEDS1901","IMMU3202","IMMU3903","INFD3012","NEUR3004","NEUR3904","AMED3002","MEDS2002","MEDS2001","MEDS3888","VIRO3002","VIRO3902","MICR3011","MICR3911","MEDS2004","IMMU3102","IMMU3902","ANAT3008","ANAT3908","NEUR3006","NEUR3906","PCOL3022","PCOL3922","CPAT3201","CPAT3901","CPAT3202","CPAT3902","PHSI3012","PHSI3912","BCMB3002","BCMB3902","PHSI3010","PHSI3910","SCPU3001","PCOL3011","PCOL3911","VIRO3001","VIRO3901","ANAT3007","ANAT3907"
"https://sydney.edu.au/courses/subject-areas/major/modern-greek-studies-advanced.html","Modern Greek Studies (Advanced)","MGRK3693","MGRK3605","MGRK3998","MGRK3999","MGRK3841","MGRK3002"
"https://sydney.edu.au/courses/subject-areas/major/medicinal-chemistry.html","Medicinal Chemistry","CHEM3110","CHEM3910","PCOL3012","PCOL3912","MCHM3001","MCHM3901","CHEM3115","CHEM3915","PCOL3011","PCOL3911"
"https://sydney.edu.au/courses/subject-areas/major/modern-greek-studies-introductory.html","Modern Greek Studies (Introductory)","MGRK3693","MGRK3605","MGRK3998","MGRK3999","MGRK1602","MGRK2601","MGRK2602","MGRK3841","MGRK3002"
"https://sydney.edu.au/courses/subject-areas/major/natural-terrestrial-systems.html","Natural Terrestrial Systems"
"https://sydney.edu.au/courses/subject-areas/major/neuroscience-for-medical-science.html","Neuroscience (for Medical Science)","PSYC3014","PSYC3914","PSYC2015","PSYC2915","CHEM1111","CHEM1911","CHEM1991","NEUR3005","NEUR3905","CHEM1011","MEDS2005","NEUR3006","NEUR3906","PCOL3022","PCOL3922","PSYC1002","SCPU3001"
"https://sydney.edu.au/courses/subject-areas/major/music0.html","Music","MUSC3630","MUSC3640","MUSC3639","MUSC2616","MUSC2613","MUSC2654","JAZZ1621","MUSC3610","MUSC3405","MUSC2672","MUSC2663","MUSC1501","MUSC1506","MUSC3631","MUSC3609","MCGY1030","PERF3640","MUSC2645","MUSC1503","MUSC3603","MUSC2614","MUSC2612","MUSC1507","MUSC2638","MUSC1504","MUSC3629","MUSC3406","MUSC2693","MUSC2653","MUSC3699","MUSC2404"
"https://sydney.edu.au/courses/subject-areas/major/molecular-biology-and-genetics.html","Molecular Biology and Genetics","BCMB3004","BCMB3904","BCMB3003","BCMB3903","BIOL3026","BIOL3926","BIOL3018","BIOL3918","BCMB3001","BCMB3901"
"https://sydney.edu.au/courses/subject-areas/major/neuroscience0.html","Neuroscience","PSYC3014","PSYC3914","PSYC2015","PSYC2915","CHEM1111","CHEM1911","CHEM1991","ANAT2910","ANAT2010","NEUR3005","NEUR3905","CHEM1011","NEUR3006","NEUR3906","PCOL3022","PCOL3922","PSYC1002","SCPU3001"
"https://sydney.edu.au/courses/subject-areas/major/modern-greek-studies.html","Modern Greek Studies","MGRK3605","MGRK1602","ICLS2621","MGRK2601","MGRK2602","MGRK2603","MGRK3607","MGRK3002","MGRK3841","MGRK1601","GRKA3999","GRKA3998"
"https://sydney.edu.au/courses/subject-areas/major/neuroscience.html","Neuroscience","PSYC3014","PSYC3914","NEUR3903","NEUR3003","PSYC3012","NEUR3005","NEUR3905","NEUR3004","NEUR3904","PSYC3011","PSYC3911","NEUR3006","NEUR3906","PCOL3022","PCOL3922","PSYC3013","PSYC3913"
"https://sydney.edu.au/courses/subject-areas/major/musicology.html","Musicology"
"https://sydney.edu.au/courses/subject-areas/major/modern-greek-studies0.html","Modern Greek Studies","MGRK3605","MGRK1602","ICLS2621","MGRK2601","MGRK2602","MGRK2603","MGRK3607","MGRK3002","MGRK3841","MGRK1601","GRKA3999","GRKA3998"
"https://sydney.edu.au/courses/subject-areas/major/non-orchestral-instrument-performance.html","Non-orchestral Instrument Performance"
"https://sydney.edu.au/courses/subject-areas/major/musicology0.html","Musicology","MUSC2695","MCGY3638","MUSC2613","MCGY3630","MCGY2601","MUSC3610","MUSC2672","MUSC1501","JAZZ1021","JAZZ1020","MCGY1031","MUSC3631","MUSC3609","MCGY2011","MCGY1019","JAZZ1015","JAZZ3301","MUSC2645","JAZZ1016","MCGY1009","JAZZ2016","CMPN4666","MUSC2638","MUSC3629","JAZZ1019","MCGY1000","JAZZ2039","JAZZ2624","MCGY3627","MCGY2621","JPNS3611","JPNS3612","MUSC2648","MUSC3630","ENGL1019","ENGL1018","ENGL1017","ENGL1016","OLET1518","OLET2510","OLET5043","ARBC2211","MGRK3002","PERF3603","MCGY2615","FASS3000","ENGL1007","HSTY2640","USSC2602","ENGL3657","OLET2120","OLET2110","OLET2107","OLET5502","OLET5402","OLET2346","OLET2314","OLET1208","GOVT3623","SCPL3605","INMS3998","RLST3610","WRIT3003","RLST3609","BBCL3998","PRFM1603","GOVT2117","PHIL3611","PHIL3610","OLET5618","CLST2614","ARIN3630","ASNS2002","ANTH3615","ANTH3607","SCLG3702","ARHT3675","OLET5616","OLET5610","OLET5608","OLET5606","OLET5602","OLET2801","OLET2610","OLET2606","ANTH2606","OLET1811","OLET1670","OLET1668","OLET1666","OLET1664","OLET1662","OLET1656","MUED2302","PHYS2923","ANTH2603","ECOS3028","GCST3637","FILM3004","ANTH2628","ANTH2621","FILM3003","FILM3000","FILM2000","FILM1001","BACH3146","CHNG5606","CLST2605","HBRW3998","FILM1000","CMPN3636","CLAW3888","GCST3998","CHEM2991","CHEM2924","CHEM2534","CHEM2533","CHEM2532","CHEM2524","HSBH2008","CHEM2523","CHEM2522","CHEM2521","HSBH3010","USSC3998","ANHS3603","LNGS3696","HSBH3017","HSBH3004","PCOL2922","OLET2608","OLET2616","GOVT3644","GOVT3643","GOVT3661","FRNC3653","FILM3998","ECOS2903","WRIT2002","ECOS3997","ECOP3618","CRIM3998","CHEM2923","CHEM2922","CHEM2921","ECOP3011","CAEL3020","ECMT2950","DESN3003","DESN2000","CRIM3999","ENGL3998","AMST1202","CRIM3603","CRIM2603","STAT3921","CRIM1002","CRIM1001","BDSN2002","ANHS3998","REHB2026","LATN3611","IBUS3110","HSTY3716","CAEL1002","CAEL1001","HSTY3715","HSTY3714","HSBH3003","HSTY3713","HSTY3712","ARHT3678","ARCO3012","GOVT3671","CAEL3022","HSTY3701","HSTY2717","HSTY2712","ARCO2011","ANTH3632","ANTH3620","ANTH3625","ANTH3603","CLAW2214","JPNS3998","MGRK3998","JCTC3998","CHNS3609","BACH3128","CHNS1600","ANTH3998","PHYS3025","ANTH2620","GOVT3898","SCLG3611","SCLG3608","ECOP3998","INDG3001","ECOS2307","PSYC2012","ECON3998","GOVT3631","HSTY3998","HSBH3015","ARHT3998","GRMN3998","GRKA3998","ANTH3999","GOVT3625","SLSS3999","SLSS3998","ECOS2020","CLST2613","CLST2608","ARBC3998","HSBH3008","PHYS3915","SCLG3607","PRFM3604","ANTH2600","CHNG5003","HSBH3014","RLST3998","EDGU3000","KRNS3998","ICLS3998","ARCO3998","ARIN3640","FRNC3998","PHYS3015","ECOP3999","SCLG3701","SCLG3999","SCLG3998","INDG3998","BACH3147","ECON3999","LATN3998","ITLN3998","HSTY3709","CHNS3608","HSTY2611","HSTY2628","SPAN3998","MATH1111","CAEL3998","CHNS3998","MCGY3602","PHYS3925","PHIL3998","PRFM2603","PHIL3639","OLET2701","LNGS3701","LNGS3702","LNGS3700","INDG2004","HSTY2618","ECOS2040","WRIT2000","LNGS3998","EUST3111","ARHT2602","ARCO3403","ARCO3007","ARCO3005","GEOS3933","SPAN1622","SOFT3888","HBRW3602","GRMN3015","EUST2601","ENGL3695","ENGL3607","ENGL2672","ANTH2668","ANTH2667","SOFT3410","SOFT2412","SOFT2201","QBUS3330","PRFM3602","GRMN2633","GRKA3601","GOVT3996","ENGL2605","HBRW2625","ANTH2663","ANTH2654","ANTH2653","ANTH2631","SLSS3601","FRNC3690","GRKA3603","GRKA3007","ANHS2616","ANHS2606","ANHS2603","PSYC3916","PHIL2661","PHIL2615","FRNC2693","ICLS3631","HSTY2705","HSTY2701","FRNC2680","ENGL3703","ENGL3707","ANTH2666","ANHS2635","SRSU5100","PMGT2821","PSYC3010","LNGS1002","OLET1510","HSTY2607","ENGL3706","ENGL3697","ENGL2669","ECOP3019","ASNS2618","ARHT3663","AREC3003","MATH4077","ITLS2000","NEUR3004","ITLN2003","PHIL2674","PHIL2610","OLET2144","PHIL3647","LNGS2617","KRNS2673","KRNS2672","GEOS3008","OLES2149","BIOL3916","OLES2147","ARBC3636","EUST2610","ANHS3636","JCTC2100","ITLN2002","MUSC3640","AMED3903","HBRW3654","HBRW3611","GEOS1002","INMS3607","JPNS3673","JPNS3002","ACCT3015","QBUS3850","QBUS3320","PHIL2648","PHIL2634","PHIL2619","PHIL2611","CHNS3645","HBRW2632","INFS3080","LNGS3609","LATN3604","LATN3601","CAEL3018","CAEL2055","CHNS3647","CHNS2011","ECOP3017","ECOP3015","HSTY2656","PHIL2621","PHIL2605","MGRK3605","LNGS3612","JCTC3003","JCTC3002","ITLN3685","CAEL3017","CAEL2095","CAEL2094","CAEL2053","CAEL2046","CAEL2041","ENGG2111","ELEC2104","INFD3012","INDG3005","ITLN3662","RLST3605","RLST2640","PHIL3677","PRFM3621","PRFM3611","BBCL3601","BBCL2603","GRMN2004","GCST2610","IMMU3903","PRFM3607","PRFM3606","PHIL3651","PHIL2676","LNGS3605","LNGS2627","ASNS2625","ASNS2011","ARHT3662","ARHT3617","ARHT2675","FRNC1602","ECON1006","ECON1005","INMS3608","ICLS2621","HSTY2704","HSTY2700","HSTY2696","ARHT2618","ARHT2611","CHNS3640","CAEL2093","CAEL2092","CAEL2072","GEOS3103","HSBH1013","GOVT3997","GOVT3995","HSTY2666","HSTY2642","LATN3606","JCTC3001","ICLS2633","CAEL2054","ASNS2661","ASNS2634","GOVT3641","DESN1001","HSTY2706","HSTY2672","HSTY2626","ASNS2626","ARHT2645","ARCO3002","ENGL2654","ECOS3027","ECOS3017","HSTY2616","GRKA3605","GOVT3655","PRFM3998","ASNS3998","MUSC1604","MUSC2664","MUSC3639","MUSC2616","AMED3901","MUSC2654","EUST3998","JAZZ1621","JAZZ1025","JAZZ1000","PCOL3011","ENVI1003","CHNS2003","ANAT2910","CMPN1221","WIND3018","WIND4030","SCLG2638","PHYS1901","STAT2011","MATH4062","NEUR3005","EDUF3023","SPAN3611","PSYC3012","SCLG2000","PHYS1002","ITLN2611","ECMT3120","GOVT3986","FINC3020","FINC3019","OLET1620","OLET1501","MATH4079","MATH3979","CAEL2049","ANTH1002","ANSC3106","AGEN3008","CHEM3116","MCGY2613","INMS3601","ENGL3655","MICR3911","LATN2620","CHNS3612","ARCO2105","ARCO2103","ANAT3994","MGRK2603","GRMN3010","GOVT2603","GEOS2916","ECOS3008","ANAT3009","CPAT3902","BMET1961","PERF2610","PERF2603","PERF2601","PERF2600","MATH3066","JAZZ4003","GEOS3914","PSYC2017","PSYC2016","ITLN1611","MICR3011","MUED1007","CHEM1912","ASNS2642","CHEM3916","OLET2125","JAZZ2022","OLET1652","USSC2601","USSC1602","SLSS3602","SLSS2606","FRNC3633","ENSE2044","AMME2262","CHEM3914","BIOL3034","ARHT1001","DECO2101","CIVL2110","CIVL1900","SLSS2604","VIRO3002","WORK3206","GEOS3520","ECMT2150","SPAN3002","OLET1203","BIOL3910","HBRW3610","BIOL2930","ARCO3101","CAEL2076","BANK3014","CHNS3650","PHIL3605","PHYS2012","PHYS1904","GOVT3988","HSTY3901","HBRW1111","ENGG2850","CHNS3610","BIOL1908","SPAN3621","RLST2624","MKTG3120","MKTG3114","ECOS3903","DESN1000","GOVT2225","GEOS2914","FINC2011","ECOP1003","HSTY3700","INFO1113","CHNS2651","NANO2002","ECOS3010","ENGG1111","FASS3500","GCST3636","CHNS2601","CHNS2001","CMPN1000","COSC2002","MICR3032","MATH1064","SPAN1621","ENSE2604","HPSC1900","GRKA2600","CHEM1112","AMST2701","CLAW3210","JPNS3632","JCTC1003","INFS3050","CAEL3019","DECO2016","DATA2902","USSC3601","PHSI3910","WIND1016","CLAW3201","AMME2000","INFS2020","QBUS2820","QBUS2310","QBIO2001","PHYS3036","CHEM3912","BIOL3007","BBCL2610","ANTH2605","STRG4042","WRIT1001","STAT3021","OLES2139","OLET2612","GEOS1903","HSTY1003","CIVL1802","BIOL2033","BIOL2024","SCPL2604","WORK2210","PSYC3911","EDGU1001","GOVT3622","GOVT2228","GOVT1621","IBUS1101","WORK3201","FRNC2625","HPSC1000","FOOD3001","GOVT1661","IBUS3106","WIND2017","WIND1017","PHIL2622","STRG2036","GCST2607","GCST2605","MATH3078","MATH2923","CHNS2602","CHNS3607","CHEM3112","ENSE2301","FRNC2604","FOOD2000","EDUF3037","ARBC2614","CRIM2602","AMME2200","SCLG2623","CHEM3110","BIOL2029","CHNS3000","BRSS1000","EDUF2007","GOVT3989","GOVT3980","GRMN1002","OLES2153","OLES2145","OLET1143","OLET5604","MGRK2602","INFS2040","OLET2133","CPNO1603","CMPN2631","AVBS2005","ACCT3013","GOVT3654","GOVT3651","GEOS2924","ENGL3696","AREC3002","CIVL1810","CMPN2007","CMPN1332","CMPN1003","AVBS2004","ACCT2011","ECOS3904","GOVT2112","IBUS3107","ECOS3012","BCMB2902","OLET1654","ENGG2851","ECOP2011","ECOP1001","CHEM1911","GRMN3008","PHYS3935","HSTY3706","HSTY2609","HSTY2608","BIOL2931","ARCO3402","COMP3520","COMP2922","ANAT2011","CLST1000","SCPL3606","WORK3205","PHIL3655","PHIL2655","CAEL2085","CHNS3621","CLAW3207","CLAW2213","HPSC3023","PHIL2646","PHYS2013","PHIL2606","ENSE4048","GRKA2620","MUSC2663","KEYB3003","CLAW2202","CLAW1003","AMME2500","PSYC3014","SPAN3614","PSYC3013","JAZZ2623","OLET2111","NEUR3906","NEUR3905","JAZZ2007","ARBC1611","OLET2503","GEOS3908","OLES2151","OLES2137","OLET1603","JAZZ1622","OLET1605","MATH4069","ITLN2612","PSYC3020","CHNS1102","CRIM2601","BRSS4001","BIOL3045","BIOL3018","HBRW2652","EUST1002","HSTY3708","HBRW1112","MUSC1506","MATH1923","ASNS1602","CLAW2211","BIOL3926","COMP3027","ECOP2613","INDG1002","GCST3604","MTRX1705","JPNS3650","CAEL2039","BANK3013","ANTH2627","BANK3011","PRFM2602","ANTH2623","OLET2117","OLET1625","OLET1901","OLET1105","OLET2602","EUST1001","GEOL3888","ENVI3911","ENGG1860","ENGG1801","ENVI3111","INDG1001","GRKA1600","ECMT3150","ECMT3110","GOVT3987","ICLS1001","IBUS3101","IBUS2104","SLSS3603","OLET1514","CHEM3915","GEOS1003","ECOP2619","ECOP2012","ECMT3160","GOVT2991","GEOS3009","LATN2601","MUSC4214","LATN1601","GEOS3953","HSTY2652","ENGG1850","ELEC2602","INDG2001","GEGE2001","ITLN3612","ITLN1612","HBRW3653","ENVX1002","GRMN3005","GCST3631","GCST2631","ENSE3046","ECOS3022","ECOS3021","MATH2088","MATH1933","MICR3042","ENGG1800","HPSC2100","GEOG3888","ENSE3045","FRNC3634","ENSE2043","ENSE1601","ECOS3006","ECOS2901","ISYS2120","MATH1004","PERF3001","MATH3061","MATH2970","OLET2401","FRNC2627","ENSC2001","ECON1002","GEOS3920","GEOS3801","GEOS2114","AMME2700","MCGY2611","JPNS3633","JPNS3622","ECOS3015","GEOS2116","MIMI2902","MIMI2002","MATH4068","ARBC3615","MGRK1602","PERF2605","JAZZ3631","MECH2400","MICR3942","LATN2621","OLET1101","ARBC1612","AMED3003","BIOL3033","OLET2142","OLET1638","OLET1205","ARHT3636","ARHT2677","COMP3988","BIOL3029","BIOL3004","ARHT1002","AREC3001","BIOL2924","GRKA2601","GRKA1601","BIOL3908","HSTY1006","DECO2102","CIVL2611","ARCO3401","COMP3109","BBCL1002","HSBH1005","ENGL1013","ECOS3016","ITLN2632","HSTO3003","INDG3003","BANK3012","CHNS3606","MATH1905","MATH1904","ISYS2160","DECO2015","DATA2002","DATA1002","GCST1604","ARCO2008","ARCO1001","CHNS3001","COMP2022","CHNS3602","CHEM3114","PHSI3012","PHSI2908","VIRO3902","PHIL3643","SCLG3609","ECMT3170","ECMT2160","ICLS3000","EDGU1002","SCLG2613","PMGT2854","MKTG3118","JAZZ1026","JPNS2672","JPNS2612","MGRK3607","GEOS3014","GOVT2119","GEGE3004","BIOL1007","BIOL1907","ANHS3635","ECOS3004","GEOS3803","USSC3603","ANAT3908","CHNS2612","CMPN2614","CHNS2641","CLST3614","ANAT2009","AMST3601","AMST2606","CLAW3206","CLAW3202","WORK2203","PSYC3914","PHIL2642","CMPN1612","AVBS2001","ACCT3031","ANAT2010","CHNG2805","BIOL3907","ARIN3620","AMME2301","OLET1512","OLET1640","OLET1636","SCLG3610","PHYS1902","PHIL1013","BCMB2002","CHNG2806","OLES2141","OLET5401","GEOS2111","GEOS1001","ECON1001","GOVT3990","SPAN3625","SPAN3612","PSYC3017","WIND3019","SPAN3622","ASNS1601","BIOL3946","CLAW2205","CHNG2803","CHNG2801","BIOL3945","COSC2902","CMPN2222","ACCT2019","SPAN3613","PSYC3011","MATH1921","CAVA1002","BUSS1040","MCGY1030","MCGY1008","PERF2611","PERF2604","PSYC2915","MKTG2113","MATH1021","MATH1011","PHYS3034","OLET1601","JCTC1004","JAZZ4015","JAZZ4014","MATH2969","PCOL3912","MKTG1002","MKTG1001","MATH4071","MCGY1003","MGRK2601","PERF3640","PERF3000","HBRW3613","HSTY3903","HSTY2709","HSTY2631","JAZZ2026","JAZZ2006","OLET1803","ITLN2631","INFS2030","JAZZ3618","INFS1000","ELEC2103","HSTY1007","HPSC2011","GCST1603","BIOL3046","KRNS3675","KRNS1621","ENSE1042","IMMU2011","WRIT1000","STAT2911","WIND2304","SPAN2641","SPAN2631","ISYS2110","MICR2031","ECOS3901","GOVT1641","PHIL3662","RLST1002","SOIL2005","MATH1023","STAT3922","PHIL2675","WIND4031","PHIL1011","SANS1001","QBUS2810","PERF3606","MATH2921","JAZZ3002","EDUF3028","EDUF3027","GOVT3999","SPAN3615","MKTG3116","JAZZ1022","JAZZ1007","PHSI3009","WRIT3002","JAZZ2038","ARHT2676","IBUS2103","IBUS2101","ECOS2002","OLET1301","COMP3927","CIVL2700","PHYS3936","PHYS3934","USSC1201","SOFT3202","WIND1302","LATN2600","ANTH2632","COMP2017","EDUF1018","EDGU1006","GOVT3653","MATH2069","ISYS3401","MUSC1503","WORK3202","PHIL3663","CHNS3603","BRSS2000","MICR2931","MCGY2005","PHIL2663","ARCO2002","BIOL1006","PHSI3010","BBCL1001","PHIL2647","PHIL2645","PHYS2011","PHIL2623","ANHS1602","CPNO1604","CMPN2633","ACCT3016","CHNS3611","BRSS2001","ARCO2001","BRSS1001","CHNS2652","CHNS2613","SCLG2601","PHYS1001","SRSU3601","CLAW3209","ASNS3001","OLET1401","MICR3932","ENGG1863","ENGG1000","HPSC2900","INDG3006","GRMN3007","CAEL2042","ANSC3102","EDGU1005","ECMT2130","FINC3014","FINC3013","GRMN1001","GCST2612","DATA2001","DATA1001","OLET1622","OLET1616","OLET1311","MUSC3603","MATH2070","ENSE2603","CHNS3605","CHEM3113","VSAO3601","WRIT1002","ISYS3402","PERF3607","GEOS3524","EDUF3032","EDUF2006","STRG3038","PHIL3608","MATH2917","JAZZ2018","GOVT3665","EDGU2000","EDGU1003","GOVT2941","BIOL1996","ANHS2610","OLET1303","OLET1133","OLET1103","LATN1600","BIOL3026","BIOL3013","FINC3017","GEOS2915","GEOS2911","ANHS1600","CMPN3001","ANAT3010","CMPN1310","CHNS1101","ECOS3025","ECOS3020","CIVL2010","CHNS3639","IBUS3104","ECOS3023","ECOS2004","GEOS3909","ACCT3020","PHYS1903","PHIL2612","WIND3306","WIND3305","BIOL2022","ANAT3909","ANAT3904","CHNS2004","STAT4025","USSC3703","USSC1604","CLAW2209","BUSS1020","GRMN3009","GEOS3924","SPAN2611","ANAT3008","CMPN2510","CMPN2223","CMPN1010","CHEM3911","OLET1607","OLET1634","WIND2016","PHSI3909","WIND1301","CHNG3804","ASNS2613","CHNG1103","SLSS1001","VIRO3901","BIOL3016","ASNS2669","STRG1040","STAT4026","LNGS1001","ARIN2610","AMME1362","PSYC1002","PHYS2921","STRG4041","WORK2218","BIOL3909","GEOS1902","ENVX3001","QBUS3310","OLET1139","OLET2140","OLET2127","PMGT1852","GEOS3053","OLET1630","HBRW2604","ENVI3888","ECOP2616","STAT3022","VIRO3001","BIOL3010","OLET2138","HBRW3612","PHIL2617","PHIL2607","STRG2035","SANS2601","STRG1039","ECOP2612","ENGG1865","HPSC3002","ITLN3631","ITLN2001","GEOS1901","JAZZ2003","JAZZ2002","ENVI3114","GRMN3006","GRKA2621","OLES2129","MATH2021","ECOP3911","ECOP3601","HBRW2631","ARBC2613","CRIM3601","FRNC3002","HPSC1001","GEOS3333","MCGY3600","JPNS3621","HBRW1011","INFO1910","ENVX2001","ECOP2617","GEOS3104","EDUF3026","HSBH2009","MCGY2010","MCGY1020","JPNS1611","RLST1005","LNGS2601","MATH4074","OLET1307","OLET1135","ITLN3611","NUTM3001","MCGY2612","MCGY2004","MCGY1001","CHNG1108","CAVA1001","PCOL2021","MUSC2614","JPNS2611","INMS2601","INMS1101","ARIN3610","AMME2261","CHEM3913","OLET2136","MATH2022","MATH1931","PERF2612","MATH3076","JAZZ4002","OLET2628","PCOL3911","SRSU3101","ARHT3672","BIOL3009","BIOL3008","KRNS3621","MUSC2612","JAZZ2027","OLES2143","OLET2614","OLET2153","ENVX3003","ECOP3912","HSTY3711","HBRW1102","MUSC1507","MUSC1300","MTRX2700","BRSS4000","BIOL3005","AREC3005","HSTY2659","ELEC1601","HPSC3016","MATH1005","BRSS3001","BIOL2921","DATA2901","HPSC1901","FRNC3606","EDUF3030","GOVT3998","MGRK3841","MGRK1601","COMP3308","COMP2823","EDUF1019","ENGL3633","PERF2622","PERF2602","INFS3040","MATH2916","INFS1020","GOVT2226","ENGL2661","ANTH2625","BANK2011","CHNS3651","ECOS3902","ENGL1014","OLET2113","JAZZ2030","OLET1801","ECOS3003","ECOS2025","GEOS2124","CHNS3633","ARCO2007","ECOS3002","ECOS2201","GEOS2121","AMED3001","COMP3608","ARHT2632","SPAN2616","SPAN2612","ECOS3024","ANAT3907","CMPN3635","QBUS3350","PRFM1602","SLSS1003","ANTH3618","ECOS3018","ECOS3005","CHNS1601","CMPN2320","CMPN1014","PHYS3037","WRIT2001","SCLG3602","DATA3404","COMP3221","CAEL2069","BBCL2609","ANTH3601","IBUS2020","IBUS1102","GEOS2123","GEOS2115","WIND2303","AVBS1003","ACCT3011","ACCT1006","PHIL2635","PHIL2620","PHIL1012","ANTH1001","BIOL1906","PSYC2015","PSYC1001","BCMB2901","BCMB2001","ASNS3670","PHYS1004","SRSU3102","SRSU3100","PCOL3022","ITLN3667","MKTG3112","KRNS2621","CHEM1011","PSYC3018","OLET1618","OLET1504","MKTG2112","MUSC1504","MATH1115","CMPN4001","CHNS2653","CMPN4000","CHNS2611","CSCD1034","MATH3063","MATH2922","JAZZ3013","AVBS3003","CPAT3201","CMPN1611","IMMU3202","ENSE1311","ECMT3130","GOVT3664","LNGS2624","CLST3615","ICLS1002","FINC3302","FINC3012","QBUS3820","PRFM3961","PRFM2601","GOVT2111","GEOS2921","PRFM1601","QBUS1040","PHSI2907","ANAT2008","ASNS2665","ECOS3011","PRCN2006","WORK3204","PMGT2822","PMGT1711","MATH4078","NEUR3003","OLES2107","CHNG3808","CHEM1111","ECOS2902","GEOS3804","STAT3923","SCPL2601","WORK2205","WORK1003","MUSC2693","MATH2023","SPAN2621","PHYS3937","PHSI3912","PERF2613","OLET2502","JAZZ3012","JAZZ3003","MUED1009","MCGY3604","MATH2988","CLAW1001","CHEM3910","QBUS3830","PHYS2922","PHYS2912","PHSI2008","GCST2630","ENSE3606","FRNC3605","EDUF3135","OLET1644","OLET1141","HSTY3902","SCPL2602","PHIL2672","SCLG2637","PHIL2613","FINC2012","IBUS3109","OLET1403","OLET2123","OLET2109","ELEC2302","HSTY1001","SANS2602","SANS1002","PHYS1003","PSYC3016","ARBC3200","AMED3002","BIOL3020","IMMU3102","ENSE1602","GOVT3993","CHNS3601","MKTG3123","MKTG3121","MKTG3110","PHYS3035","STAT3023","CIVL2201","BRSS3000","BIOL2929","AGRI2001","CAEL3014","CMPN3000","CMPN2613","CHNS2650","OLET1508","MATH4076","OLET1309","OLET1231","NEUR3006","PHYS2913","WORK3208","SCPL3604","PSYC3913","DATA1901","COMP2123","ANAT3007","CPAT3901","CMPN1331","CMPN1220","OLET1115","ITLN3688","MUSC2653","PHIL3613","PHIL2643","SCLG3601","CHNS3646","CHEM3111","CMPN1013","BMET2960","ASNS3111","MATH1902","PHIL2629","BIOL2030","BIOL2021","BIOL1998","CLAW2208","BIOL3918","MUED1004","JPNS3631","ARCO1000","BUSS1030","ARIN2620","PERF3610","INFS3110","BIOL1008","ARCO3404","ANHS2614","IMMU3902","ENSE2300","FINC3011","ENGL3711","GOVT2617","COMP3419","CHEM3117","CHNS3680","CHEM3115","BIOL3055","OLET1632","OLET1202","IBUS3108","ENGL2666","CHNS3111","AERO2703","CMPN3634","OLET1201","JPNS1612","OLET1610","OLET1137","OLET2119","ENGL2627","ECOS3007","CHNS2614","CHNS2002","ANAT3004","HBRW2651","HSTY3707","HBRW2603","FRNC3001","EDUF3136","ECOS2001","SPAN3001","CPAT3202","AMST1001","CHNG2804","ECON1040","FRNC1601","SPAN2622","INDG2005","ENSE4047","MATH1014","MATH1013","OLET2135","GCST1602","GCST1601","JAZZ2017","COMP3888","CAEL3016","ECOS3013","ECOP3021","KRNS3622","ENSE3605","IMMU2911","ENSE1041","ANTH3602","DATA3406","COMP3530","ANTH2629","OLET2148","OLET2146","EUST2005","ENVX3002","FRNC2603","ECON1003","ANTH2626","DATA1902","BIOL2032","ENGG2855","ECOP3022","INFO1110","ELEC1103","FOOD3002","EDUF3038","HSBH1012","GEOS3101","GOVT3984","INFS2010","NEUR3904","NEUR3903","MECH2401","HSTY1005","HSTY1004","HSTY1002","HPSC3108","GOVT3901","GOVT3672","CHNS3604","BIOL2031","QBUS3340","ICLS2111","EDGU1004","BIOL1997","PHYS2911","PHSI2007","ECMT1020","ECMT1010","HORT3005","ANHS1601","CMPN2632","STRG3037","WORK1004","GOVT3652","FINC3301","FINC3023","FINC3015","ASNS3690","CHEM1012","SCLG3612","SCLG1001","GEOS2923","GEGE2901","CLAW2212","CLAW2207","ARBC3616","PSYC3015","SPAN3624","JAZZ1030","JAZZ1029","JAZZ1001","PCOL3012","OLET1405","OLET1404","MATH4063","MATH4061","OLET1305","OLET1506","MATH3975","MUSC3699","PCOL2022","KRNS2622","KRNS1622","ISYS3888","MTRX1702","INMS3602","MCGY1002","INMS2602","INMS1102","INFS2050","MATH3075","OLET2151","PCOL3922","JAZZ2031","JAZZ2023","ARHT2678","CRIM3602","CIVL2812","CIVL2410","CAEL3015","BIOL3913","CHEM3917","SCLG1002","HSTY2677","GRMN2003"
"https://sydney.edu.au/courses/subject-areas/major/music.html","Music","MUSC2613","MUSC3639","MUSC2616","MUSC2664","MUSC3640","MUSC2654","MUSC2663","MUSC3609","MUSC3603","MUSC2614","MUSC2612","MUSC2693","MUSC2653","MUSC3699","JAZZ1025","JAZZ1000","MUSC2813","MCGY2613","MUSC2810","JAZZ4003","JAZZ2022","CMPN1000","CMPN2007","CMPN1003","JAZZ1020","PERF3001","MCGY2611","JAZZ1026","MCGY2011","CMPN1612","CMPN2614","MCGY1008","JAZZ1015","MCGY1003","PERF3000","JAZZ3002","JAZZ2038","MUSC2812","MCGY2005","CMPN2633","JAZZ1016","MCGY1009","JAZZ2003","JAZZ2002","MCGY2010","MCGY2612","MCGY2004","MCGY1001","JAZZ4002","JAZZ2016","PERF2622","JAZZ2030","CMPN4666","CMPN3635","CMPN1611","MUED1009","JAZZ3003","JAZZ1019","CMPN2613","MCGY1000","CMPN3634","JAZZ2039","JAZZ2017","ICLS2111","JAZZ1001","MCGY3627","MCGY1002","JAZZ2031","JAZZ2023"
"https://sydney.edu.au/courses/subject-areas/major/percussion.html","Percussion"
"https://sydney.edu.au/courses/subject-areas/major/nutrition-science.html","Nutrition Science","BCMB2001","BCMB2901","BCMB3003","BCMB3903","CHEM1111","CHEM1911","CHEM1991","FOOD3001","BIOL1007","BIOL1907","BIOL1997","CHEM1011","BCMB3001","BCMB3901","NUTM3001","NUTM3888","BCMB3002","BCMB3902","BCMB2002","BCMB2902","SCPU3001"
"https://sydney.edu.au/courses/subject-areas/major/physics.html","Physics","PHYS3582","PHYS3596","PHYS3591","PHYS3581","PHYS3597","PHYS3595","PHYS3594","PHYS3593","PHYS3592","PHYS3583","PHYS3598","PHYS3542","PHYS3541","PHYS3936","PHYS3036","PHYS3035","PHYS3935","PHYS3559","PHYS3558","PHYS3554","PHYS3557","PHYS3556","PHYS3553","PHYS3551","PHYS3555","PHYS3552","PHYS3888","PHYS3037","PHYS3937","PHYS3934","PHYS3034","SCPU3001","PHYS3015","PHYS3915","PHYS3025","PHYS3925"
"https://sydney.edu.au/courses/subject-areas/major/philosophy0.html","Philosophy","PHIL3651","PHIL3655","PHIL3639","PHIL3998","PHIL3999","PHIL3663","PHIL3610","PHIL3611","PHIL3647","PHIL3613","PHIL3677","PHIL3643","PHIL3662","PHIL3682","PHIL3608","PHIL3605","PHIL2676","PHIL2675","PHIL2674","PHIL2672","PHIL2663","PHIL2661","PHIL2660","PHIL2655","PHIL2648","PHIL2647","PHIL2646","PHIL2645","PHIL2643","PHIL2642","PHIL2635","PHIL2634","PHIL2629","PHIL2623","PHIL2622","PHIL2621","PHIL2620","PHIL2619","PHIL2617","PHIL2615","PHIL2613","PHIL2612","PHIL2611","PHIL2610","PHIL2607","PHIL2606","PHIL2605","PHIL1013","PHIL1012","PHIL1011","GOVT2112"
"https://sydney.edu.au/courses/subject-areas/major/pharmacology.html","Pharmacology","PCOL3012","PCOL3912","PCOL3021","PCOL3921","PCOL3022","PCOL3922","PCOL3888","PCOL3011","PCOL3911"
"https://sydney.edu.au/courses/subject-areas/major/pharmacology0.html","Pharmacology","CHEM1111","CHEM1911","CHEM1991","PCOL3012","PCOL3912","PCOL2022","PCOL2922","BIOL1007","BIOL1907","BIOL1997","CHEM1011","PCOL2021","PCOL3022","PCOL3922","PCOL3888","SCPU3001","PCOL3011","PCOL3911"
"https://sydney.edu.au/courses/subject-areas/major/physics0.html","Physics","PHYS3936","PHYS3036","PHYS3035","PHYS3935","PHYS1004","PHYS1002","PHYS1001","PHYS1003","PHYS1901","PHYS1903","PHYS1902","PHYS1904","PHYS2011","PHYS2911","PHYS2921","PHYS2012","PHYS2912","PHYS2922","PHYS3888","PHYS3037","PHYS3937","PHYS3934","PHYS3034","SCPU3001"
"https://sydney.edu.au/courses/subject-areas/major/nutrition-and-metabolism.html","Nutrition and Metabolism","BCMB3003","BCMB3903","PHSI3009","PHSI3909","PHSI3011","PHSI3911","BCMB3001","BCMB3901","NUTM3001","NUTM3888","PHSI3012","PHSI3912","BCMB3002","BCMB3902","PHSI3010","PHSI3910"
"https://sydney.edu.au/courses/subject-areas/major/orchestral-instrument-performance.html","Orchestral Instrument Performance"
"https://sydney.edu.au/courses/subject-areas/major/nutrition-science-for-medical-science.html","Nutrition Science (for Medical Science)","MEDS2003","BCMB3003","BCMB3903","CHEM1111","CHEM1911","CHEM1991","FOOD3001","BIOL1007","BIOL1907","BIOL1997","CHEM1011","BCMB3001","BCMB3901","NUTM3001","NUTM3888","BCMB3002","BCMB3902","BCMB2002","BCMB2902","SCPU3001"
"https://sydney.edu.au/courses/subject-areas/major/physical-activity-and-health.html","Physical Activity and Health","BIOS1170","EXSS1036"
"https://sydney.edu.au/courses/subject-areas/major/pharmacology-for-medical-science.html","Pharmacology (for Medical Science)","CHEM1111","CHEM1911","CHEM1991","PCOL3012","PCOL3912","PCOL2022","PCOL2922","BIOL1007","BIOL1907","BIOL1997","CHEM1011","MEDS2002","PCOL3022","PCOL3922","PCOL3888","SCPU3001","PCOL3011","PCOL3911"
"https://sydney.edu.au/courses/subject-areas/major/physiology-for-medical-science.html","Physiology (for Medical Science)","HSTO3003","NEUR3903","NEUR3003","CHEM1111","CHEM1911","CHEM1991","BIOL1007","BIOL1907","BIOL1997","PHSI3009","PHSI3909","CHEM1011","MEDS1001","MEDS1901","PHSI2008","PHSI2908","NEUR3004","NEUR3904","MEDS2001","NEUR3006","NEUR3906","PHSI3888","PHSI3012","PHSI3912","PHSI3010","PHSI3910","SCPU3001"
"https://sydney.edu.au/courses/subject-areas/major/power-engineering0.html","Power Engineering"
"https://sydney.edu.au/courses/subject-areas/major/plant-science.html","Plant Science","BIOL3020","BIOL3026","BIOL3926","BIOL3007","BIOL3907","BIOL3944","BIOL3019","HORT3005","BIOL3009","BIOL3909"
"https://sydney.edu.au/courses/subject-areas/major/political-economy0.html","Political Economy","ECOP3011","ECOP3601","ECOP3021","ECOP2619","ECOP2612","ECOP2011","ECOP1001","ECOP2617","ECOP3017","ECOP3998","ECOP2616","ECOP3999","ECOP1003","ECOP3618","ECOP3022","ECOP2613","ECOP3019","ECOP3015","ECOP3912","ECOP2012","ECOP3911"
"https://sydney.edu.au/courses/subject-areas/major/politics.html","Politics","GOVT3998","GOVT3672","GOVT3671","GOVT3654","GOVT2117","GOVT3987","GOVT3980","PHIL2634","GOVT3901","GOVT3989","GOVT3643","GOVT2228","GOVT3652","GOVT3641","GOVT2111","GOVT3898","GOVT3900","GOVT1621","GOVT1641","GOVT3990","GOVT3664","GOVT3655","GOVT2941","GOVT2603","GOVT2112","GOVT2120","GOVT3997","GOVT2552","GOVT3984","GOVT2991","GOVT3644","GOVT3995","GOVT3651","GOVT3661","GOVT3993","USSC3601","GOVT2119","GOVT3653","GOVT1661"
"https://sydney.edu.au/courses/subject-areas/major/politics0.html","Politics","GOVT3998","GOVT3672","GOVT3671","GOVT3654","GOVT2117","GOVT3987","GOVT3980","PHIL2634","GOVT3901","GOVT3989","GOVT3643","GOVT2228","GOVT3652","GOVT3641","GOVT2111","GOVT3898","GOVT3900","GOVT1621","GOVT1641","GOVT3990","GOVT3664","GOVT3655","GOVT2941","GOVT2603","GOVT2112","GOVT2120","GOVT3997","GOVT2552","GOVT3984","GOVT2991","GOVT3644","GOVT3995","GOVT3651","GOVT3661","GOVT3993","USSC3601","GOVT2119","GOVT3653","GOVT1661"
"https://sydney.edu.au/courses/subject-areas/major/physiology0.html","Physiology","NEUR3903","NEUR3003","PHSI3009","PHSI3909","PHSI3011","PHSI3911","NEUR3004","NEUR3904","NEUR3006","NEUR3906","PHSI3888","PHSI3012","PHSI3912","PHSI3010","PHSI3910"
"https://sydney.edu.au/courses/subject-areas/major/plant-production.html","Plant Production","AFNR3001","BIOL3020","ENVX3001","BIOL1007","BIOL1907","BIOL1997","BIOL1006","BIOL1906","BIOL1996","AGRI2001","BIOL3019","BIOL2031","BIOL2931","HORT3005","SCPU3001","AGRI3888"
"https://sydney.edu.au/courses/subject-areas/major/piano.html","Piano"
"https://sydney.edu.au/courses/subject-areas/major/physiology.html","Physiology","HSTO3003","NEUR3903","NEUR3003","CHEM1111","CHEM1911","CHEM1991","BIOL1007","BIOL1907","BIOL1997","PHSI3009","PHSI3909","CHEM1011","BIOL1008","BIOL1908","BIOL1998","PHSI2008","PHSI2908","NEUR3004","NEUR3904","PHSI2007","PHSI2907","NEUR3006","NEUR3906","PHSI3888","PHSI3012","PHSI3912","PHSI3010","PHSI3910","SCPU3001"
"https://sydney.edu.au/courses/subject-areas/major/process-intensification.html","Process Intensification"
"https://sydney.edu.au/courses/subject-areas/major/project-management.html","Project Management","PMGT2854","ENGG2855","ENGG1860","PMGT3850","PMGT3851","ENGG1865","ENGG3800","PMGT3857","PMGT3856"
"https://sydney.edu.au/courses/subject-areas/major/robotics-and-intelligent-systems.html","Robotics and Intelligent Systems"
"https://sydney.edu.au/courses/subject-areas/major/soil-science-and-hydrology.html","Soil Science and Hydrology","SOIL3009","GEOS2116","GEOS2916","ENVX3001","BIOL1007","BIOL1907","BIOL1997","ENVX3003","BIOL1006","BIOL1906","BIOL1996","SOIL3888","SCPU3001","SOIL2005","ENVX3002"
"https://sydney.edu.au/courses/subject-areas/major/software-development.html","Software Development","SOFT2412","SOFT3410","COMP2123","COMP2823","INFO1110","INFO1910","INFO1113","SOFT2201","SOFT3202","SOFT3888"
"https://sydney.edu.au/courses/subject-areas/major/quantitative-life-sciences0.html","Quantitative Life Sciences","MATH1011","GEGE3004","ENVX2001","BCMB3004","BCMB3904","BIOL2022","BIOL2029","BIOL2929","DATA2002","DATA2902","ENVX3001","DATA1001","DATA1901","BIOL1007","BIOL1907","BIOL1997","BIOL3018","BIOL3918","ENVX3003","AMED3002","MATH1014","ENVX1002","MATH1002","MATH1902","MATH1013","QBIO2001","QBIO3001","QBIO3888","SCPU3001","STAT3888","MATH1005","MATH1905","ENVX3002"
"https://sydney.edu.au/courses/subject-areas/major/socio-legal-studies0.html","Socio-Legal Studies","SCPL2601","CRIM3602","CRIM2602","SLSS3601","SLSS3602","SLSS2604","SLSS3998","SLSS3999","SLSS1001","SLSS1003","CRIM3601","SLSS3603","SLSS2606","SCLG2623","SCLG2638","CRIM2601"
"https://sydney.edu.au/courses/subject-areas/major/space-engineering0.html","Space Engineering","AERO2705","AERO3760","AERO4701"
"https://sydney.edu.au/courses/subject-areas/major/soil-science.html","Soil Science","SOIL3009","ENVX3001","SOIL3888","SOIL3010"
"https://sydney.edu.au/courses/subject-areas/major/psychology.html","Psychology","PSYC2010","PSYC2910","PSYC2015","PSYC2915","PSYC2013","PSYC2016","PSYC2014","PSYC2017","PSYC2012","PSYC3018","PSYC3010","PSYC3020","PSYC3014","PSYC3914","PSYC3012","PSYC3016","PSYC3916","PSYC3011","PSYC3911","PSYC3013","PSYC3913","PSYC3015","PSYC3553","PSYC3551","PSYC3559","PSYC3556","PSYC3555","PSYC3560","PSYC3552","PSYC3558","PSYC3557","PSYC3554","PSYC3888","HPSC3023","PSYC3017"
"https://sydney.edu.au/courses/subject-areas/major/psychological-science.html","Psychological Science","PSYC3018","PSYC3010","PSYC3020","PSYC3014","PSYC3914","PSYC2015","PSYC2915","PSYC3012","PSYC3016","PSYC3916","PSYC3011","PSYC3911","PSYC2016","PSYC3013","PSYC3913","PSYC3015","PSYC2017","PSYC1001","PSYC1002","PSYC3888","HPSC3023","SCPU3001","PSYC3017","PSYC2012"
"https://sydney.edu.au/courses/subject-areas/major/spanish-and-latin-american-studies-advanced.html","Spanish and Latin American Studies (Advanced)","SPAN2631","SPAN2641","SPAN3615","SPAN3998","SPAN3999","SPAN2622","SPAN3625","SPAN3624","SPAN3614","SPAN3001","SPAN3002","SPAN3611","SPAN3612","SPAN3613"
"https://sydney.edu.au/courses/subject-areas/major/software-development0.html","Software Development","SOFT2412","SOFT3410","COMP2123","COMP2823","INFO1110","INFO1910","INFO1113","SCPU3001","SOFT2201","SOFT3202","SOFT3888"
"https://sydney.edu.au/courses/subject-areas/major/sociology0.html","Sociology","SCPL2601","SCPL2604","SCLG3601","CRIM2602","SCLG2000","SCPL3606","SCLG3998","SCLG3999","SCLG1001","SCLG1002","SCLG3701","SCLG3702","SCLG2637","SCLG2601","SCLG3602","SCLG2613","SCLG3612","SCLG3608","SCLG2623","SCLG3609","SCLG2638","SCLG3610","SCLG3611","CRIM2601","SCPL2602"
"https://sydney.edu.au/courses/subject-areas/major/statistics1.html","Statistics","MATH1011","STAT3022","STAT3922","MATH1021","MATH1921","MATH1931","DATA2002","DATA2902","DATA1001","DATA1901","MATH1014","MATH1902","MATH1023","MATH1923","MATH1933","STAT2011","STAT2911","SCPU3001","STAT4026","STAT3023","STAT3923","STAT3888","MATH1005","MATH1905","STAT3021","STAT4025"
"https://sydney.edu.au/courses/subject-areas/major/spanish-and-latin-american-studies-introductory.html","Spanish and Latin American Studies (Introductory)","SPAN2631","SPAN2641","SPAN3998","SPAN3999","SPAN2622","SPAN1622","SPAN2611","SPAN3001","SPAN3002"
"https://sydney.edu.au/courses/subject-areas/major/spanish-and-latin-american-studies-intermediate.html","Spanish and Latin American Studies (Intermediate)","SPAN2631","SPAN2641","SPAN3998","SPAN3999","SPAN2622","SPAN2611","SPAN3001","SPAN3002","SPAN3611","SPAN3612"
"https://sydney.edu.au/courses/subject-areas/major/visual-arts.html","Visual Arts","CAEL2055","CAEL2072","FILM2000","CAEL3998","CAEL3018","CAEL2046","CAEL2094","CAEL2053","CAEL2093","CAEL2092","CAEL2054","CAEL3017","CAEL2041","CAEL3019","CAEL2076","CAEL2049","CAEL2095","ARHT2677","CAEL2042","CAEL2085","CAEL3022","CAEL2039","CAVA1001","CAVA1002","ARHT2632","CAEL3999","CAEL2069","CAEL3020","CAEL3014","CAEL3016","ARHT2678","CAEL3015"
"https://sydney.edu.au/courses/subject-areas/major/structures0.html","Structures"
"https://sydney.edu.au/courses/subject-areas/major/strings.html","Strings"
"https://sydney.edu.au/courses/subject-areas/major/voice-classical-performance.html","Voice (classical) Performance"
"https://sydney.edu.au/courses/subject-areas/major/theatre-and-performance-studies0.html","Theatre and Performance Studies","PRFM3998","PRFM3999","PRFM3961","PRFM3621","PRFM3611","PRFM3607","PRFM3606","PRFM3604","PRFM3602","PRFM2602","PRFM2601","PRFM1602","PRFM1601","CHNS3651"
"https://sydney.edu.au/courses/subject-areas/major/transport-engineering0.html","Transport Engineering"
"https://sydney.edu.au/courses/subject-areas/major/telecommunications-engineering0.html","Telecommunications Engineering"
"https://sydney.edu.au/courses/subject-areas/major/studies-in-religion0.html","Studies in Religion","RLST3610","RLST3609","RLST3605","CLST2614","RLST2640","RLST2624","BBCL2610","RLST3998","RLST1002","RLST3999","RLST1005"
"https://sydney.edu.au/courses/subject-areas/major/statistics.html","Statistics","STAT3022","STAT3922","STAT3914","STAT3926","STAT3023","STAT3923","STAT3888","ENVX3002","STAT3021","STAT3921","STAT3911","STAT3925"
"https://sydney.edu.au/courses/subject-areas/major/wildlife-conservation.html","Wildlife Conservation","BIOL2022","BIOL3007","BIOL3907","BIOL2024","BIOL2924","BIOL1007","BIOL1907","BIOL1997","BIOL1006","BIOL1906","BIOL1996","SCPU3001","WILD3888","WILD3001","AVBS3004"
"https://sydney.edu.au/courses/subject-areas/major/water-and-environmental-treatment-process.html","Water and Environmental Treatment Process"
"https://sydney.edu.au/courses/subject-areas/major/woodwind.html","Woodwind"
"https://sydney.edu.au/courses/subject-areas/major/voice.html","Voice"
