website, major, course.0, course.1, course.2, course.3, course.4, course.5, course.6, course.7, course.8, course.9, course.10, course.11, course.12, course.13, course.14, course.15, course.16, course.17, course.18, course.19, course.20, course.21, course.22, course.23, course.24, course.25, course.26, course.27, course.28, course.29, course.30, course.31, course.32, course.33, course.34, course.35, course.36, course.37, course.38, course.39, course.40, course.41
"https://sydney.edu.au/courses/subject-areas/major/accounting0.html","Accounting","ACCT1006","BUSS1030"
"https://sydney.edu.au/courses/subject-areas/major/american-studies0.html","American Studies","USSC1201","USSC1604","USSC1602","AMST1202","AMST1001"
"https://sydney.edu.au/courses/subject-areas/major/anatomy-and-histology-for-medical-science.html","Anatomy and Histology (for Medical Science)","CHEM1111","CHEM1911","CHEM1991","CHEM1011","MEDS1001","MEDS1901"
"https://sydney.edu.au/courses/subject-areas/major/anatomy-and-histology.html","Anatomy and Histology"
"https://sydney.edu.au/courses/subject-areas/major/anatomy-and-histology0.html","Anatomy and Histology","CHEM1111","CHEM1911","CHEM1991","CHEM1011","BIOL1008","BIOL1908","BIOL1998"
"https://sydney.edu.au/courses/subject-areas/major/ancient-greek.html","Ancient Greek","GRKA1601","GRKA1600"
"https://sydney.edu.au/courses/subject-areas/major/ancient-history0.html","Ancient History","LATN1600","LATN1601","GRKA1601","GRKA1600","ANHS1602","ANHS1601","ANHS1600"
"https://sydney.edu.au/courses/subject-areas/major/animal-and-veterinary-bioscience.html","Animal and Veterinary Bioscience","CHEM1111","CHEM1911","CHEM1991","BIOL1007","BIOL1907","BIOL1997","CHEM1011"
"https://sydney.edu.au/courses/subject-areas/major/animal-health-disease-and-welfare-for-medical-science.html","Animal Health, Disease and Welfare (for Medical Science)","BIOL1007","BIOL1907","BIOL1997","BIOL1006","BIOL1906","BIOL1996"
"https://sydney.edu.au/courses/subject-areas/major/animal-health-disease-and-welfare.html","Animal Health, Disease and Welfare","BIOL1007","BIOL1907","BIOL1997","BIOL1006","BIOL1906","BIOL1996"
"https://sydney.edu.au/courses/subject-areas/major/animal-production0.html","Animal Production","AVBS1002","BIOL1007","BIOL1907","BIOL1997","BIOL1006","BIOL1906","BIOL1996"
"https://sydney.edu.au/courses/subject-areas/major/anthropology0.html","Anthropology","ANTH1002","ANTH1001"
"https://sydney.edu.au/courses/subject-areas/major/asian-studies0.html","Asian Studies","CHNS1601","ASNS1602","ASNS1601"
"https://sydney.edu.au/courses/subject-areas/major/applied-medical-science1.html","Applied Medical Science","CHEM1111","CHEM1911","CHEM1991","BIOL1007","BIOL1907","BIOL1997","CHEM1011"
"https://sydney.edu.au/courses/subject-areas/major/applied-medical-science0.html","Applied Medical Science"
"https://sydney.edu.au/courses/subject-areas/major/arabic-language-and-cultures-intermediate.html","Arabic Language and Cultures (Intermediate)"
"https://sydney.edu.au/courses/subject-areas/major/arabic-language-and-cultures-advanced.html","Arabic Language and Cultures (Advanced)"
"https://sydney.edu.au/courses/subject-areas/major/applied-medical-science-for-medical-science0.html","Applied Medical Science (for Medical Science)","CHEM1111","CHEM1911","CHEM1991","BIOL1007","BIOL1907","BIOL1997","CHEM1011"
"https://sydney.edu.au/courses/subject-areas/major/arabic-language-and-cultures-introductory.html","Arabic Language and Cultures (Introductory)","ARBC1611","ARBC1612"
"https://sydney.edu.au/courses/subject-areas/major/art-history0.html","Art History","ARHT1001","ARHT1002"
"https://sydney.edu.au/courses/subject-areas/major/banking-non-commerce.html","Banking (non Commerce)","MATH1591","MATH1592","MATH1011","MATH1021","MATH1921","MATH1931","MATH1004","MATH1904","MATH1064","BUSS1040","DATA1001","MATH1115","MATH1111","ECMT1010","MATH1014","ENVX1002","ECON1002","ECON1001","MATH1902","MATH1013","MATH1553","MATH1552","MATH1551","MATH1023","MATH1923","MATH1933","BUSS1020","MATH1005","MATH1905"
"https://sydney.edu.au/courses/subject-areas/major/behavioural-sciences.html","Behavioural Sciences","PSYC1001","PSYC1002"
"https://sydney.edu.au/courses/subject-areas/major/banking0.html","Banking","BUSS1040","BUSS1020"
"https://sydney.edu.au/courses/subject-areas/major/archaeology0.html","Archaeology","ARCO1001","ARCO1000"
"https://sydney.edu.au/courses/subject-areas/major/brass.html","Brass"
"https://sydney.edu.au/courses/subject-areas/major/biology.html","Biology"
"https://sydney.edu.au/courses/subject-areas/major/built-environment.html","Built Environment","BAEN1001","DAAE1001"
"https://sydney.edu.au/courses/subject-areas/major/bioinformatics.html","Bioinformatics"
"https://sydney.edu.au/courses/subject-areas/major/business-analytics-non-commerce.html","Business Analytics (non Commerce)","MATH1591","MATH1592","MATH1011","MATH1021","MATH1921","MATH1931","MATH1004","MATH1904","MATH1064","QBUS1040","DATA1001","MATH1115","MATH1111","ECMT1010","MATH1014","ENVX1002","MATH1902","MATH1013","MATH1553","MATH1552","MATH1551","MATH1023","MATH1923","MATH1933","BUSS1020","MATH1005","MATH1905"
"https://sydney.edu.au/courses/subject-areas/major/biochemistry-and-molecular-biology.html","Biochemistry and Molecular Biology","CHEM1111","CHEM1911","CHEM1991","BIOL1007","BIOL1907","BIOL1997","CHEM1011"
"https://sydney.edu.au/courses/subject-areas/major/biochemistry.html","Biochemistry"
"https://sydney.edu.au/courses/subject-areas/major/biochemistry-and-molecular-biology-for-medical-science.html","Biochemistry and Molecular Biology (for Medical Science)","CHEM1111","CHEM1911","CHEM1991","BIOL1007","BIOL1907","BIOL1997","CHEM1011"
"https://sydney.edu.au/courses/subject-areas/major/business-analytics0.html","Business Analytics","QBUS1040","BUSS1020"
"https://sydney.edu.au/courses/subject-areas/major/biology1.html","Biology","BIOL1007","BIOL1907","BIOL1997","BIOL1008","BIOL1908","BIOL1998","BIOL1006","BIOL1906","BIOL1996"
"https://sydney.edu.au/courses/subject-areas/major/biological-design.html","Biological Design","BMET1961","DECO1014","BIOL1007","BIOL1907","BIOL1997","ENVI1003","BIOL1008","MEDS1001","BIOL1908","MEDS1901","BIOL1998","BIOL1006","BIOL1906","BIOL1996","DESN1000"
"https://sydney.edu.au/courses/subject-areas/major/biblical-studies-and-classical-hebrew0.html","Biblical Studies and Classical Hebrew","JCTC1004","JCTC1003","HBRW1112","HBRW1111","HBRW1102","HBRW1011","BBCL1002","BBCL1001"
"https://sydney.edu.au/courses/subject-areas/major/business-information-systems.html","Business Information Systems","INFS1000","INFS1020"
"https://sydney.edu.au/courses/subject-areas/major/chinese-studies-introductory.html","Chinese Studies (Introductory)","CHNS1101"
"https://sydney.edu.au/courses/subject-areas/major/business-law.html","Business Law","CLAW1003","CLAW1001"
"https://sydney.edu.au/courses/subject-areas/major/chinese-studies-advanced.html","Chinese Studies (Advanced)"
"https://sydney.edu.au/courses/subject-areas/major/composition.html","Composition"
"https://sydney.edu.au/courses/subject-areas/major/cell-and-developmental-biology0.html","Cell and Developmental Biology","CHEM1111","CHEM1911","CHEM1991","BIOL1007","BIOL1907","BIOL1997","CHEM1011","BIOL1006","BIOL1906","BIOL1996"
"https://sydney.edu.au/courses/subject-areas/major/business-information-systems0.html","Business Information Systems","INFS1000","INFS1020"
"https://sydney.edu.au/courses/subject-areas/major/chemical-engineering0.html","Chemical Engineering"
"https://sydney.edu.au/courses/subject-areas/major/chemistry.html","Chemistry"
"https://sydney.edu.au/courses/subject-areas/major/chemistry1.html","Chemistry","CHEM1111","CHEM1911","CHEM1991","CHEM1112","CHEM1912","CHEM1992","CHEM1011","CHEM1012"
"https://sydney.edu.au/courses/subject-areas/major/cell-pathology.html","Cell Pathology"
"https://sydney.edu.au/courses/subject-areas/major/chinese-studies-intermediate.html","Chinese Studies (Intermediate)"
"https://sydney.edu.au/courses/subject-areas/major/computer-science2.html","Computer Science"
"https://sydney.edu.au/courses/subject-areas/major/cultural-studies0.html","Cultural Studies","GCST1604","GCST1603","GCST1602","GCST1601"
"https://sydney.edu.au/courses/subject-areas/major/computer-engineering0.html","Computer Engineering"
"https://sydney.edu.au/courses/subject-areas/major/criminology.html","Criminology","CRIM1002","CRIM1001"
"https://sydney.edu.au/courses/subject-areas/major/construction-management0.html","Construction Management"
"https://sydney.edu.au/courses/subject-areas/major/computational-data-science.html","Computational Data Science","DATA1001","DATA1901","ECMT1010","INFO1110","INFO1910","ENVX1002","BUSS1020"
"https://sydney.edu.au/courses/subject-areas/major/computer-science1.html","Computer Science","INFO1110","INFO1910","INFO1113"
"https://sydney.edu.au/courses/subject-areas/major/construction.html","Construction","CIVL1810","CIVL1900"
"https://sydney.edu.au/courses/subject-areas/major/contemporary-music-practice.html","Contemporary Music Practice"
"https://sydney.edu.au/courses/subject-areas/major/data-science.html","Data Science","MATH1021","MATH1921","MATH1931","DATA1001","DATA1901","DATA1002","DATA1902","MATH1115","MATH1902","MATH1023","MATH1923","MATH1933","MATH1005","MATH1905"
"https://sydney.edu.au/courses/subject-areas/major/computational-engineering.html","Computational Engineering"
"https://sydney.edu.au/courses/subject-areas/major/computer-science3.html","Computer Science","INFO1110","INFO1910","INFO1113"
"https://sydney.edu.au/courses/subject-areas/major/economics0.html","Economics","ECON1002","ECON1001"
"https://sydney.edu.au/courses/subject-areas/major/economic-policy0.html","Economic Policy"
"https://sydney.edu.au/courses/subject-areas/major/energy-and-the-environment.html","Energy and the Environment"
"https://sydney.edu.au/courses/subject-areas/major/disability-and-participation.html","Disability and Participation","OCCP1101","OCCP1102"
"https://sydney.edu.au/courses/subject-areas/major/digital-cultures0.html","Digital Cultures","MECO1002","MECO1001"
"https://sydney.edu.au/courses/subject-areas/major/ecology-and-evolutionary-biology.html","Ecology and Evolutionary Biology","BIOL1007","BIOL1907","BIOL1997","BIOL1006","BIOL1906","BIOL1996"
"https://sydney.edu.au/courses/subject-areas/major/econometrics0.html","Econometrics","ECMT1020","ECMT1010"
"https://sydney.edu.au/courses/subject-areas/major/economic-policy.html","Economic Policy"
"https://sydney.edu.au/courses/subject-areas/major/design.html","Design","DESN1001","DESN1000"
"https://sydney.edu.au/courses/subject-areas/major/education0.html","Education","EDUF1018","EDUF1019"
"https://sydney.edu.au/courses/subject-areas/major/economics.html","Economics","ECON1002","ECON1001"
"https://sydney.edu.au/courses/subject-areas/major/electrical-engineering0.html","Electrical Engineering"
"https://sydney.edu.au/courses/subject-areas/major/finance0.html","Finance","BUSS1040","BUSS1020"
"https://sydney.edu.au/courses/subject-areas/major/environmental-studies.html","Environmental Studies"
"https://sydney.edu.au/courses/subject-areas/major/english0.html","English","ENGL1019","ENGL1018","ENGL1017","ENGL1016","ENGL1014","ENGL1013","ENGL1007"
"https://sydney.edu.au/courses/subject-areas/major/exercise-science.html","Exercise Science","EXSS1037","EXSS1038"
"https://sydney.edu.au/courses/subject-areas/major/film-studies0.html","Film Studies","FILM1001","FILM1000"
"https://sydney.edu.au/courses/subject-areas/major/finance-non-commerce.html","Finance (non Commerce)","MATH1591","MATH1592","MATH1011","MATH1021","MATH1921","MATH1931","MATH1004","MATH1904","MATH1064","BUSS1040","DATA1001","MATH1115","MATH1111","ECMT1010","MATH1014","ENVX1002","ECON1002","ECON1001","MATH1902","MATH1013","MATH1553","MATH1552","MATH1551","MATH1023","MATH1923","MATH1933","BUSS1020","MATH1005","MATH1905"
"https://sydney.edu.au/courses/subject-areas/major/environmental-studies1.html","Environmental Studies","CHEM1111","CHEM1911","CHEM1991","GEOS1001","GEOS1901","BIOL1007","BIOL1907","BIOL1997","CHEM1011","ENVI1003","GEOS1002","GEOS1902","BIOL1006","BIOL1906","BIOL1996","ECON1040"
"https://sydney.edu.au/courses/subject-areas/major/european-studies0.html","European Studies","EUST1002","EUST1001"
"https://sydney.edu.au/courses/subject-areas/major/environmental-science.html","Environmental Science","CHEM1111","CHEM1911","CHEM1991","GEOS1001","GEOS1901","CHEM1011","ENVI1003"
"https://sydney.edu.au/courses/subject-areas/major/environmental-agricultural-and-resource-economics.html","Environmental, Agricultural and Resource Economics","ECON1002","ECON1001"
"https://sydney.edu.au/courses/subject-areas/major/environmental-engineering0.html","Environmental Engineering"
"https://sydney.edu.au/courses/subject-areas/major/engineering-design.html","Engineering Design"
"https://sydney.edu.au/courses/subject-areas/major/food-science-for-medical-science.html","Food Science (for Medical Science)","CHEM1111","CHEM1911","CHEM1991","BIOL1007","BIOL1907","BIOL1997","CHEM1011"
"https://sydney.edu.au/courses/subject-areas/major/gender-studies0.html","Gender Studies","GCST1601","GCST1604","GCST1602","GCST1603"
"https://sydney.edu.au/courses/subject-areas/major/financial-mathematics-and-statistics.html","Financial Mathematics and Statistics"
"https://sydney.edu.au/courses/subject-areas/major/french-and-francophone-studies-introductory.html","French and Francophone Studies (Introductory)","FRNC1601","FRNC1602"
"https://sydney.edu.au/courses/subject-areas/major/food-and-bioprocessing0.html","Food and Bioprocessing"
"https://sydney.edu.au/courses/subject-areas/major/food-science.html","Food Science","CHEM1111","CHEM1911","CHEM1991","BIOL1007","BIOL1907","BIOL1997","CHEM1011"
"https://sydney.edu.au/courses/subject-areas/major/financial-economics0.html","Financial Economics","ECMT1010","ECON1001"
"https://sydney.edu.au/courses/subject-areas/major/french-and-francophone-studies-advanced.html","French and Francophone Studies (Advanced)"
"https://sydney.edu.au/courses/subject-areas/major/financial-economics.html","Financial Economics"
"https://sydney.edu.au/courses/subject-areas/major/french-and-francophone-studies-intermediate.html","French and Francophone Studies (Intermediate)"
"https://sydney.edu.au/courses/subject-areas/major/financial-mathematics-and-statistics2.html","Financial Mathematics and Statistics","MATH1021","MATH1921","MATH1931","DATA1001","DATA1901","MATH1002","MATH1902","MATH1023","MATH1923","MATH1933","MATH1005","MATH1905"
"https://sydney.edu.au/courses/subject-areas/major/fluids-engineering.html","Fluids Engineering"
"https://sydney.edu.au/courses/subject-areas/major/genetics-and-genomics-for-animal-and-veterinary-bioscience1.html","Genetics and Genomics (for Animal and Veterinary Bioscience)","CHEM1111","CHEM1911","CHEM1991","BIOL1007","BIOL1907","BIOL1997","CHEM1011","BIOL1008","BIOL1908","BIOL1998","BIOL1006","BIOL1906","BIOL1996"
"https://sydney.edu.au/courses/subject-areas/major/global-studies.html","Global Studies","INGS1003","INGS1004"
"https://sydney.edu.au/courses/subject-areas/major/genetics-and-genomics-for-medical-science1.html","Genetics and Genomics (for Medical Science)","CHEM1111","CHEM1911","CHEM1991","BIOL1007","BIOL1907","BIOL1997","CHEM1011","MEDS1001","MEDS1901","BIOL1006","BIOL1906","BIOL1996"
"https://sydney.edu.au/courses/subject-areas/major/genetics-and-genomics1.html","Genetics and Genomics","CHEM1111","CHEM1911","CHEM1991","BIOL1007","BIOL1907","BIOL1997","CHEM1011","BIOL1008","BIOL1908","BIOL1998","BIOL1006","BIOL1906","BIOL1996"
"https://sydney.edu.au/courses/subject-areas/major/geotechnical-engineering0.html","Geotechnical Engineering"
"https://sydney.edu.au/courses/subject-areas/major/geography2.html","Geography","GEOS1001","GEOS1901","GEOS1002","GEOS1902"
"https://sydney.edu.au/courses/subject-areas/major/germanic-studies-introductory.html","Germanic Studies (Introductory)","GRMN1001","GRMN1002"
"https://sydney.edu.au/courses/subject-areas/major/germanic-studies-intermediate.html","Germanic Studies (Intermediate)"
"https://sydney.edu.au/courses/subject-areas/major/geography1.html","Geography"
"https://sydney.edu.au/courses/subject-areas/major/germanic-studies-advanced.html","Germanic Studies (Advanced)"
"https://sydney.edu.au/courses/subject-areas/major/geology-and-geophysics.html","Geology and Geophysics"
"https://sydney.edu.au/courses/subject-areas/major/geology-and-geophysics0.html","Geology and Geophysics","GEOS1001","GEOS1901","GEOS1003","GEOS1903"
"https://sydney.edu.au/courses/subject-areas/major/human-movement0.html","Human Movement","BIOS1168","BIOS1169"
"https://sydney.edu.au/courses/subject-areas/major/history-and-philosophy-of-science0.html","History and Philosophy of Science","HPSC1000","HPSC1900","HPSC1001","HPSC1901"
"https://sydney.edu.au/courses/subject-areas/major/historical-performance.html","Historical Performance"
"https://sydney.edu.au/courses/subject-areas/major/health-sciences.html","Health Sciences"
"https://sydney.edu.au/courses/subject-areas/major/history0.html","History","HSTY1089","HSTY1003","HSTY1006","HSTY1007","HSTY1001","HSTY1005","HSTY1004","HSTY1002"
"https://sydney.edu.au/courses/subject-areas/major/hebrew-modern-advanced.html","Hebrew (Modern) (Advanced)"
"https://sydney.edu.au/courses/subject-areas/major/humanitarian-engineering0.html","Humanitarian Engineering"
"https://sydney.edu.au/courses/subject-areas/major/health.html","Health","HSBH1012","HSBH1013"
"https://sydney.edu.au/courses/subject-areas/major/hearing-and-speech0.html","Hearing and Speech","CSCD1034","BIOS1163"
"https://sydney.edu.au/courses/subject-areas/major/hebrew-modern-intermediate.html","Hebrew (Modern) (Intermediate)"
"https://sydney.edu.au/courses/subject-areas/major/history-and-philosophy-of-science.html","History and Philosophy of Science"
"https://sydney.edu.au/courses/subject-areas/major/hebrew-modern-introductory.html","Hebrew (Modern) (Introductory)"
"https://sydney.edu.au/courses/subject-areas/major/industrial-relations-and-human-resource-management0.html","Industrial Relations and Human Resource Management","WORK1004","WORK1003"
"https://sydney.edu.au/courses/subject-areas/major/infectious-diseases.html","Infectious Diseases","CHEM1111","CHEM1911","CHEM1991","BIOL1007","BIOL1907","BIOL1997","CHEM1011","BIOL1008","BIOL1908","BIOL1998"
"https://sydney.edu.au/courses/subject-areas/major/indigenous-studies0.html","Indigenous Studies","INDG1001","INDG1002"
"https://sydney.edu.au/courses/subject-areas/major/indonesian-studies-intermediate.html","Indonesian Studies (Intermediate)"
"https://sydney.edu.au/courses/subject-areas/major/immunobiology.html","Immunobiology"
"https://sydney.edu.au/courses/subject-areas/major/information-systems1.html","Information Systems"
"https://sydney.edu.au/courses/subject-areas/major/immunology-and-pathology-for-medical-science.html","Immunology and Pathology (for Medical Science)","CHEM1111","CHEM1911","CHEM1991","BIOL1007","BIOL1907","BIOL1997","CHEM1011","MEDS1001","MEDS1901"
"https://sydney.edu.au/courses/subject-areas/major/immunology-and-pathology.html","Immunology and Pathology","CHEM1111","CHEM1911","CHEM1991","BIOL1007","BIOL1907","BIOL1997","CHEM1011","BIOL1008","BIOL1908","BIOL1998"
"https://sydney.edu.au/courses/subject-areas/major/infectious-diseases-for-medical-science.html","Infectious Diseases (for Medical Science)","CHEM1111","CHEM1911","CHEM1991","BIOL1007","BIOL1907","BIOL1997","CHEM1011","MEDS1001","MEDS1901"
"https://sydney.edu.au/courses/subject-areas/major/industrial-pharmacy.html","Industrial Pharmacy"
"https://sydney.edu.au/courses/subject-areas/major/indonesian-studies-introductory.html","Indonesian Studies (Introductory)","INMS1101","INMS1102","INMS1551","INMS1550"
"https://sydney.edu.au/courses/subject-areas/major/indonesian-studies-advanced.html","Indonesian Studies (Advanced)"
"https://sydney.edu.au/courses/subject-areas/major/information-technology-engineering0.html","Information Technology (Engineering)"
"https://sydney.edu.au/courses/subject-areas/major/italian-studies-intermediate0.html","Italian Studies (Intermediate)"
"https://sydney.edu.au/courses/subject-areas/major/information-systems2.html","Information Systems","INFO1110","INFO1910","INFO1113"
"https://sydney.edu.au/courses/subject-areas/major/intelligent-information-engineering0.html","Intelligent Information Engineering"
"https://sydney.edu.au/courses/subject-areas/major/international-relations1.html","International Relations","GOVT1621","GOVT1641","GOVT1661"
"https://sydney.edu.au/courses/subject-areas/major/information-systems3.html","Information Systems","INFO1110","INFO1910","INFO1113"
"https://sydney.edu.au/courses/subject-areas/major/international-relations.html","International Relations","GOVT1621","GOVT1641","GOVT1661"
"https://sydney.edu.au/courses/subject-areas/major/internet-of-things0.html","Internet of Things"
"https://sydney.edu.au/courses/subject-areas/major/international-business0.html","International Business","IBUS1102","IBUS1101"
"https://sydney.edu.au/courses/subject-areas/major/international-pharmacy.html","International Pharmacy"
"https://sydney.edu.au/courses/subject-areas/major/international-and-comparative-literary-studies0.html","International and Comparative Literary Studies","ICLS1001","ICLS1002"
"https://sydney.edu.au/courses/subject-areas/major/italian-studies-advanced0.html","Italian Studies (Advanced)"
"https://sydney.edu.au/courses/subject-areas/major/japanese-studies-advanced.html","Japanese Studies (Advanced)"
"https://sydney.edu.au/courses/subject-areas/major/japanese-studies0.html","Japanese Studies","JPNS1612","JPNS1611"
"https://sydney.edu.au/courses/subject-areas/major/jewish-civilisation-thought-and-culture0.html","Jewish Civilisation, Thought and Culture","JCTC1004","JCTC1003","HBRW1102","HBRW1011"
"https://sydney.edu.au/courses/subject-areas/major/korean-studies-intermediate.html","Korean Studies (Intermediate)"
"https://sydney.edu.au/courses/subject-areas/major/japanese-studies-introductory.html","Japanese Studies (Introductory)","JPNS1611","JPNS1612"
"https://sydney.edu.au/courses/subject-areas/major/korean-studies-advanced.html","Korean Studies (Advanced)"
"https://sydney.edu.au/courses/subject-areas/major/japanese-studies-junior-intermediate.html","Japanese Studies (Junior Intermediate)"
"https://sydney.edu.au/courses/subject-areas/major/korean-studies-heritage-speaker.html","Korean Studies (Heritage Speaker)"
"https://sydney.edu.au/courses/subject-areas/major/italian-studies-introductory0.html","Italian Studies (Introductory)","ITLN1612"
"https://sydney.edu.au/courses/subject-areas/major/italian-studies0.html","Italian Studies","ITLN1611","ITLN1612"
"https://sydney.edu.au/courses/subject-areas/major/jazz-performance.html","Jazz Performance"
"https://sydney.edu.au/courses/subject-areas/major/japanese-studies-senior-intermediate.html","Japanese Studies (Senior Intermediate)"
"https://sydney.edu.au/courses/subject-areas/major/korean-studies0.html","Korean Studies","KRNS1621","KRNS1622"
"https://sydney.edu.au/courses/subject-areas/major/latin0.html","Latin","LATN1601","LATN1600"
"https://sydney.edu.au/courses/subject-areas/major/korean-studies-introductory.html","Korean Studies (Introductory)","KRNS1621"
"https://sydney.edu.au/courses/subject-areas/major/mathematics.html","Mathematics"
"https://sydney.edu.au/courses/subject-areas/major/mechanical-engineering0.html","Mechanical Engineering"
"https://sydney.edu.au/courses/subject-areas/major/management0.html","Management","WORK1004","WORK1003"
"https://sydney.edu.au/courses/subject-areas/major/materials-science-and-engineering.html","Materials Science and Engineering"
"https://sydney.edu.au/courses/subject-areas/major/marine-science0.html","Marine Science","GEOS1001","GEOS1901","BIOL1007","BIOL1907","BIOL1997","GEOS1003","GEOS1903","BIOL1006","BIOL1906","BIOL1996"
"https://sydney.edu.au/courses/subject-areas/major/mathematics0.html","Mathematics","MATH1021","MATH1921","MATH1931","MATH1004","MATH1904","MATH1902","MATH1023","MATH1923","MATH1933","MATH1005","MATH1905"
"https://sydney.edu.au/courses/subject-areas/major/linguistics0.html","Linguistics","LNGS1002","LNGS1001"
"https://sydney.edu.au/courses/subject-areas/major/marketing0.html","Marketing","MKTG1001","MKTG1002"
"https://sydney.edu.au/courses/subject-areas/major/marine-science.html","Marine Science"
"https://sydney.edu.au/courses/subject-areas/major/media-studies.html","Media Studies","MECO1002","MECO1001"
"https://sydney.edu.au/courses/subject-areas/major/medicinal-chemistry0.html","Medicinal Chemistry","CHEM1111","CHEM1911","CHEM1991","CHEM1112","CHEM1912","CHEM1992","CHEM1011","CHEM1012"
"https://sydney.edu.au/courses/subject-areas/major/modern-greek-studies-intermediate.html","Modern Greek Studies (Intermediate)"
"https://sydney.edu.au/courses/subject-areas/major/microbiology-for-medical-science.html","Microbiology (for Medical Science)","CHEM1111","CHEM1911","CHEM1991","BIOL1007","BIOL1907","BIOL1997","CHEM1011","BIOL1006","BIOL1906","BIOL1996"
"https://sydney.edu.au/courses/subject-areas/major/microbiology0.html","Microbiology","CHEM1111","CHEM1911","CHEM1991","BIOL1007","BIOL1907","BIOL1997","CHEM1011","BIOL1006","BIOL1906","BIOL1996"
"https://sydney.edu.au/courses/subject-areas/major/mechatronic-engineering0.html","Mechatronic Engineering"
"https://sydney.edu.au/courses/subject-areas/major/microbiology.html","Microbiology"
"https://sydney.edu.au/courses/subject-areas/major/medicinal-chemistry-for-medical-science.html","Medicinal Chemistry (for Medical Science)","CHEM1111","CHEM1911","CHEM1991","CHEM1112","CHEM1912","CHEM1992","CHEM1011","CHEM1012"
"https://sydney.edu.au/courses/subject-areas/major/medical-science.html","Medical Science","BIOL1007","BIOL1907","BIOL1997","MEDS1001","MEDS1901"
"https://sydney.edu.au/courses/subject-areas/major/modern-greek-studies-advanced.html","Modern Greek Studies (Advanced)"
"https://sydney.edu.au/courses/subject-areas/major/medicinal-chemistry.html","Medicinal Chemistry"
"https://sydney.edu.au/courses/subject-areas/major/modern-greek-studies-introductory.html","Modern Greek Studies (Introductory)","MGRK1602"
"https://sydney.edu.au/courses/subject-areas/major/natural-terrestrial-systems.html","Natural Terrestrial Systems"
"https://sydney.edu.au/courses/subject-areas/major/neuroscience-for-medical-science.html","Neuroscience (for Medical Science)","CHEM1111","CHEM1911","CHEM1991","CHEM1011","PSYC1002"
"https://sydney.edu.au/courses/subject-areas/major/music0.html","Music","MUSC1507","MUSC1506","MUSC1504","MUSC1503","MUSC1501","MCGY1030","JAZZ1621"
"https://sydney.edu.au/courses/subject-areas/major/molecular-biology-and-genetics.html","Molecular Biology and Genetics"
"https://sydney.edu.au/courses/subject-areas/major/neuroscience0.html","Neuroscience","CHEM1111","CHEM1911","CHEM1991","CHEM1011","PSYC1002"
"https://sydney.edu.au/courses/subject-areas/major/modern-greek-studies.html","Modern Greek Studies","MGRK1602","MGRK1601"
"https://sydney.edu.au/courses/subject-areas/major/neuroscience.html","Neuroscience"
"https://sydney.edu.au/courses/subject-areas/major/musicology.html","Musicology"
"https://sydney.edu.au/courses/subject-areas/major/modern-greek-studies0.html","Modern Greek Studies","MGRK1602","MGRK1601"
"https://sydney.edu.au/courses/subject-areas/major/non-orchestral-instrument-performance.html","Non-orchestral Instrument Performance"
"https://sydney.edu.au/courses/subject-areas/major/musicology0.html","Musicology","MUSC1501","MCGY1031","MCGY1019","MCGY1009","MCGY1000","JAZZ1021","JAZZ1020","JAZZ1019","JAZZ1016","JAZZ1015","WRIT1002","WRIT1001","WRIT1000","WORK1004","WORK1003","WIND1302","WIND1301","WIND1017","WIND1016","USSC1604","USSC1602","USSC1201","STRG1040","STRG1039","SPAN1622","SPAN1621","SLSS1003","SLSS1001","SCLG1002","SCLG1001","SANS1002","SANS1001","RLST1005","RLST1002","QBUS1040","PSYC1002","PSYC1001","PRFM1603","PRFM1602","PRFM1601","PMGT1852","PMGT1711","PHYS1904","PHYS1903","PHYS1902","PHYS1901","PHYS1004","PHYS1003","PHYS1002","PHYS1001","PHIL1013","PHIL1012","PHIL1011","OLET1901","OLET1811","OLET1803","OLET1801","OLET1670","OLET1668","OLET1666","OLET1664","OLET1662","OLET1656","OLET1654","OLET1652","OLET1644","OLET1640","OLET1638","OLET1636","OLET1634","OLET1632","OLET1630","OLET1625","OLET1622","OLET1620","OLET1618","OLET1616","OLET1610","OLET1607","OLET1605","OLET1603","OLET1601","OLET1518","OLET1514","OLET1512","OLET1510","OLET1508","OLET1506","OLET1504","OLET1501","OLET1405","OLET1404","OLET1403","OLET1401","OLET1311","OLET1309","OLET1307","OLET1305","OLET1303","OLET1301","OLET1231","OLET1208","OLET1205","OLET1203","OLET1202","OLET1201","OLET1143","OLET1141","OLET1139","OLET1137","OLET1135","OLET1133","OLET1115","OLET1105","OLET1103","OLET1101","MUSC1604","MUSC1507","MUSC1506","MUSC1504","MUSC1503","MUSC1300","MUED1009","MUED1007","MUED1004","MTRX1705","MTRX1702","MKTG1002","MKTG1001","MGRK1602","MGRK1601","MCGY1030","MCGY1020","MCGY1008","MCGY1003","MCGY1002","MCGY1001","MATH1933","MATH1931","MATH1923","MATH1921","MATH1905","MATH1904","MATH1902","MATH1115","MATH1111","MATH1064","MATH1023","MATH1021","MATH1014","MATH1013","MATH1011","MATH1005","MATH1004","LNGS1002","LNGS1001","LATN1601","LATN1600","KRNS1622","KRNS1621","JPNS1612","JPNS1611","JCTC1004","JCTC1003","JAZZ1622","JAZZ1621","JAZZ1030","JAZZ1029","JAZZ1026","JAZZ1025","JAZZ1022","JAZZ1007","JAZZ1001","JAZZ1000","ITLN1612","ITLN1611","INMS1102","INMS1101","INFS1020","INFS1000","INFO1910","INFO1113","INFO1110","INDG1002","INDG1001","ICLS1002","ICLS1001","IBUS1102","IBUS1101","HSTY1007","HSTY1006","HSTY1005","HSTY1004","HSTY1003","HSTY1002","HSTY1001","HSBH1013","HSBH1012","HSBH1005","HPSC1901","HPSC1900","HPSC1001","HPSC1000","HBRW1112","HBRW1111","HBRW1102","HBRW1011","GRMN1002","GRMN1001","GRKA1601","GRKA1600","GOVT1661","GOVT1641","GOVT1621","GEOS1903","GEOS1902","GEOS1901","GEOS1003","GEOS1002","GEOS1001","GCST1604","GCST1603","GCST1602","GCST1601","FRNC1602","FRNC1601","FILM1001","FILM1000","EUST1002","EUST1001","ENVX1002","ENVI1003","ENSE1602","ENSE1601","ENSE1311","ENSE1042","ENSE1041","ENGL1019","ENGL1018","ENGL1017","ENGL1016","ENGL1014","ENGL1013","ENGL1007","ENGG1865","ENGG1863","ENGG1860","ENGG1850","ENGG1801","ENGG1800","ENGG1111","ENGG1000","ELEC1601","ELEC1103","EDUF1019","EDUF1018","EDGU1006","EDGU1005","EDGU1004","EDGU1003","EDGU1002","EDGU1001","ECOP1003","ECOP1001","ECON1040","ECON1006","ECON1005","ECON1003","ECON1002","ECON1001","ECMT1020","ECMT1010","DESN1001","DESN1000","DATA1902","DATA1901","DATA1002","DATA1001","CSCD1034","CRIM1002","CRIM1001","CPNO1604","CPNO1603","CMPN1612","CMPN1611","CMPN1332","CMPN1331","CMPN1310","CMPN1221","CMPN1220","CMPN1014","CMPN1013","CMPN1010","CMPN1003","CMPN1000","CLST1000","CLAW1003","CLAW1001","CIVL1900","CIVL1810","CIVL1802","CHNS1601","CHNS1600","CHNS1102","CHNS1101","CHNG1108","CHNG1103","CHEM1912","CHEM1911","CHEM1112","CHEM1111","CHEM1012","CHEM1011","CAVA1002","CAVA1001","CAEL1002","CAEL1001","BUSS1040","BUSS1030","BUSS1020","BRSS1001","BRSS1000","BMET1961","BIOL1998","BIOL1997","BIOL1996","BIOL1908","BIOL1907","BIOL1906","BIOL1008","BIOL1007","BIOL1006","BBCL1002","BBCL1001","AVBS1003","ASNS1602","ASNS1601","ARHT1002","ARHT1001","ARCO1001","ARCO1000","ARBC1612","ARBC1611","ANTH1002","ANTH1001","ANHS1602","ANHS1601","ANHS1600","AMST1202","AMST1001","AMME1362","ACCT1006"
"https://sydney.edu.au/courses/subject-areas/major/music.html","Music","JAZZ1025","JAZZ1000","CMPN1000","CMPN1003","JAZZ1020","JAZZ1026","CMPN1612","MCGY1008","JAZZ1015","MCGY1003","JAZZ1016","MCGY1009","MCGY1001","CMPN1611","MUED1009","JAZZ1019","MCGY1000","JAZZ1001","MCGY1002"
"https://sydney.edu.au/courses/subject-areas/major/percussion.html","Percussion"
"https://sydney.edu.au/courses/subject-areas/major/nutrition-science.html","Nutrition Science","CHEM1111","CHEM1911","CHEM1991","BIOL1007","BIOL1907","BIOL1997","CHEM1011"
"https://sydney.edu.au/courses/subject-areas/major/physics.html","Physics"
"https://sydney.edu.au/courses/subject-areas/major/philosophy0.html","Philosophy","PHIL1013","PHIL1012","PHIL1011"
"https://sydney.edu.au/courses/subject-areas/major/pharmacology.html","Pharmacology"
"https://sydney.edu.au/courses/subject-areas/major/pharmacology0.html","Pharmacology","CHEM1111","CHEM1911","CHEM1991","BIOL1007","BIOL1907","BIOL1997","CHEM1011"
"https://sydney.edu.au/courses/subject-areas/major/physics0.html","Physics","PHYS1004","PHYS1002","PHYS1001","PHYS1003","PHYS1901","PHYS1903","PHYS1902","PHYS1904"
"https://sydney.edu.au/courses/subject-areas/major/nutrition-and-metabolism.html","Nutrition and Metabolism"
"https://sydney.edu.au/courses/subject-areas/major/orchestral-instrument-performance.html","Orchestral Instrument Performance"
"https://sydney.edu.au/courses/subject-areas/major/nutrition-science-for-medical-science.html","Nutrition Science (for Medical Science)","CHEM1111","CHEM1911","CHEM1991","BIOL1007","BIOL1907","BIOL1997","CHEM1011"
"https://sydney.edu.au/courses/subject-areas/major/physical-activity-and-health.html","Physical Activity and Health","BIOS1170","EXSS1036"
"https://sydney.edu.au/courses/subject-areas/major/pharmacology-for-medical-science.html","Pharmacology (for Medical Science)","CHEM1111","CHEM1911","CHEM1991","BIOL1007","BIOL1907","BIOL1997","CHEM1011"
"https://sydney.edu.au/courses/subject-areas/major/physiology-for-medical-science.html","Physiology (for Medical Science)","CHEM1111","CHEM1911","CHEM1991","BIOL1007","BIOL1907","BIOL1997","CHEM1011","MEDS1001","MEDS1901"
"https://sydney.edu.au/courses/subject-areas/major/power-engineering0.html","Power Engineering"
"https://sydney.edu.au/courses/subject-areas/major/plant-science.html","Plant Science"
"https://sydney.edu.au/courses/subject-areas/major/political-economy0.html","Political Economy","ECOP1001","ECOP1003"
"https://sydney.edu.au/courses/subject-areas/major/politics.html","Politics","GOVT1621","GOVT1641","GOVT1661"
"https://sydney.edu.au/courses/subject-areas/major/politics0.html","Politics","GOVT1621","GOVT1641","GOVT1661"
"https://sydney.edu.au/courses/subject-areas/major/physiology0.html","Physiology"
"https://sydney.edu.au/courses/subject-areas/major/plant-production.html","Plant Production","BIOL1007","BIOL1907","BIOL1997","BIOL1006","BIOL1906","BIOL1996"
"https://sydney.edu.au/courses/subject-areas/major/piano.html","Piano"
"https://sydney.edu.au/courses/subject-areas/major/physiology.html","Physiology","CHEM1111","CHEM1911","CHEM1991","BIOL1007","BIOL1907","BIOL1997","CHEM1011","BIOL1008","BIOL1908","BIOL1998"
"https://sydney.edu.au/courses/subject-areas/major/process-intensification.html","Process Intensification"
"https://sydney.edu.au/courses/subject-areas/major/project-management.html","Project Management","ENGG1860","ENGG1865"
"https://sydney.edu.au/courses/subject-areas/major/robotics-and-intelligent-systems.html","Robotics and Intelligent Systems"
"https://sydney.edu.au/courses/subject-areas/major/soil-science-and-hydrology.html","Soil Science and Hydrology","BIOL1007","BIOL1907","BIOL1997","BIOL1006","BIOL1906","BIOL1996"
"https://sydney.edu.au/courses/subject-areas/major/software-development.html","Software Development","INFO1110","INFO1910","INFO1113"
"https://sydney.edu.au/courses/subject-areas/major/quantitative-life-sciences0.html","Quantitative Life Sciences","MATH1011","DATA1001","DATA1901","BIOL1007","BIOL1907","BIOL1997","MATH1014","ENVX1002","MATH1002","MATH1902","MATH1013","MATH1005","MATH1905"
"https://sydney.edu.au/courses/subject-areas/major/socio-legal-studies0.html","Socio-Legal Studies","SLSS1001","SLSS1003"
"https://sydney.edu.au/courses/subject-areas/major/space-engineering0.html","Space Engineering"
"https://sydney.edu.au/courses/subject-areas/major/soil-science.html","Soil Science"
"https://sydney.edu.au/courses/subject-areas/major/psychology.html","Psychology"
"https://sydney.edu.au/courses/subject-areas/major/psychological-science.html","Psychological Science","PSYC1001","PSYC1002"
"https://sydney.edu.au/courses/subject-areas/major/spanish-and-latin-american-studies-advanced.html","Spanish and Latin American Studies (Advanced)"
"https://sydney.edu.au/courses/subject-areas/major/software-development0.html","Software Development","INFO1110","INFO1910","INFO1113"
"https://sydney.edu.au/courses/subject-areas/major/sociology0.html","Sociology","SCLG1001","SCLG1002"
"https://sydney.edu.au/courses/subject-areas/major/statistics1.html","Statistics","MATH1011","MATH1021","MATH1921","MATH1931","DATA1001","DATA1901","MATH1014","MATH1902","MATH1023","MATH1923","MATH1933","MATH1005","MATH1905"
"https://sydney.edu.au/courses/subject-areas/major/spanish-and-latin-american-studies-introductory.html","Spanish and Latin American Studies (Introductory)","SPAN1622"
"https://sydney.edu.au/courses/subject-areas/major/spanish-and-latin-american-studies-intermediate.html","Spanish and Latin American Studies (Intermediate)"
"https://sydney.edu.au/courses/subject-areas/major/visual-arts.html","Visual Arts","CAVA1001","CAVA1002"
"https://sydney.edu.au/courses/subject-areas/major/structures0.html","Structures"
"https://sydney.edu.au/courses/subject-areas/major/strings.html","Strings"
"https://sydney.edu.au/courses/subject-areas/major/voice-classical-performance.html","Voice (classical) Performance"
"https://sydney.edu.au/courses/subject-areas/major/theatre-and-performance-studies0.html","Theatre and Performance Studies","PRFM1602","PRFM1601"
"https://sydney.edu.au/courses/subject-areas/major/transport-engineering0.html","Transport Engineering"
"https://sydney.edu.au/courses/subject-areas/major/telecommunications-engineering0.html","Telecommunications Engineering"
"https://sydney.edu.au/courses/subject-areas/major/studies-in-religion0.html","Studies in Religion","RLST1002","RLST1005"
"https://sydney.edu.au/courses/subject-areas/major/statistics.html","Statistics"
"https://sydney.edu.au/courses/subject-areas/major/wildlife-conservation.html","Wildlife Conservation","BIOL1007","BIOL1907","BIOL1997","BIOL1006","BIOL1906","BIOL1996"
"https://sydney.edu.au/courses/subject-areas/major/water-and-environmental-treatment-process.html","Water and Environmental Treatment Process"
"https://sydney.edu.au/courses/subject-areas/major/woodwind.html","Woodwind"
"https://sydney.edu.au/courses/subject-areas/major/voice.html","Voice"
